id,category
10099.png,0
10216.png,0
10235.png,0
10380.png,0
10466.png,0
10529.png,0
10576.png,0
10584.png,0
10650.png,0
10833.png,0
10989.png,0
11027.png,0
11231.png,0
11263.png,0
11511.png,0
11596.png,0
11639.png,0
11646.png,0
11677.png,0
11684.png,0
11737.png,0
11757.png,0
12010.png,0
12100.png,0
12557.png,0
1261.png,0
12684.png,0
12884.png,0
12953.png,0
12986.png,0
13047.png,0
13253.png,0
1347.png,0
13543.png,0
13578.png,0
13668.png,0
14028.png,0
14135.png,0
14183.png,0
1432.png,0
14344.png,0
14565.png,0
1459.png,0
14655.png,0
1466.png,0
14725.png,0
14738.png,0
14815.png,0
14873.png,0
14899.png,0
15340.png,0
15610.png,0
15648.png,0
15902.png,0
15903.png,0
16018.png,0
16261.png,0
16267.png,0
16324.png,0
16399.png,0
16408.png,0
16508.png,0
16528.png,0
16655.png,0
16838.png,0
17021.png,0
17167.png,0
17177.png,0
1724.png,0
1732.png,0
17357.png,0
17457.png,0
17609.png,0
17638.png,0
17670.png,0
17909.png,0
17986.png,0
18250.png,0
18276.png,0
18410.png,0
18412.png,0
18466.png,0
18684.png,0
18707.png,0
1871.png,0
18751.png,0
18835.png,0
18885.png,0
19040.png,0
19138.png,0
19247.png,0
19362.png,0
19376.png,0
1938.png,0
19488.png,0
19496.png,0
19497.png,0
19574.png,0
19630.png,0
19653.png,0
1968.png,0
19828.png,0
19986.png,0
19990.png,0
20013.png,0
20053.png,0
20331.png,0
20396.png,0
20451.png,0
20484.png,0
20588.png,0
20710.png,0
20936.png,0
21007.png,0
21104.png,0
21126.png,0
21219.png,0
21326.png,0
21600.png,0
21759.png,0
21874.png,0
21898.png,0
22173.png,0
22209.png,0
22261.png,0
22331.png,0
22334.png,0
22535.png,0
22559.png,0
22791.png,0
22918.png,0
22985.png,0
23037.png,0
23042.png,0
23074.png,0
23144.png,0
23487.png,0
23549.png,0
23603.png,0
23730.png,0
23787.png,0
23932.png,0
24008.png,0
24020.png,0
24062.png,0
24098.png,0
24171.png,0
24174.png,0
24178.png,0
24337.png,0
24377.png,0
24540.png,0
24610.png,0
24714.png,0
24866.png,0
24963.png,0
25043.png,0
25064.png,0
25283.png,0
2538.png,0
25395.png,0
25416.png,0
25447.png,0
25464.png,0
2551.png,0
25515.png,0
25568.png,0
25585.png,0
25766.png,0
25849.png,0
25951.png,0
25959.png,0
26028.png,0
26129.png,0
26132.png,0
26152.png,0
26193.png,0
26325.png,0
26434.png,0
26529.png,0
26625.png,0
2666.png,0
26689.png,0
26756.png,0
269.png,0
26932.png,0
27002.png,0
27091.png,0
27217.png,0
27239.png,0
27274.png,0
27328.png,0
27558.png,0
2756.png,0
27685.png,0
27773.png,0
27785.png,0
27789.png,0
27838.png,0
28092.png,0
28096.png,0
28227.png,0
2823.png,0
28259.png,0
28260.png,0
28283.png,0
28397.png,0
28518.png,0
28525.png,0
28561.png,0
28571.png,0
28588.png,0
28776.png,0
28959.png,0
28991.png,0
2904.png,0
29046.png,0
29047.png,0
2917.png,0
29237.png,0
29456.png,0
29491.png,0
29578.png,0
29642.png,0
2983.png,0
2990.png,0
30017.png,0
30037.png,0
30261.png,0
30280.png,0
30318.png,0
30476.png,0
30620.png,0
30696.png,0
30981.png,0
31010.png,0
31020.png,0
31070.png,0
31074.png,0
31282.png,0
31350.png,0
31456.png,0
31494.png,0
31518.png,0
31783.png,0
3225.png,0
32362.png,0
32364.png,0
3253.png,0
3255.png,0
32604.png,0
32825.png,0
32987.png,0
33061.png,0
33362.png,0
33538.png,0
33572.png,0
33872.png,0
33926.png,0
33974.png,0
34089.png,0
34103.png,0
34182.png,0
34252.png,0
34346.png,0
34548.png,0
34678.png,0
34885.png,0
34896.png,0
3496.png,0
34974.png,0
35023.png,0
35258.png,0
35285.png,0
35780.png,0
35906.png,0
35914.png,0
36086.png,0
36153.png,0
36301.png,0
36391.png,0
36430.png,0
36508.png,0
3660.png,0
36628.png,0
36632.png,0
36772.png,0
36825.png,0
36888.png,0
36986.png,0
37026.png,0
37228.png,0
37303.png,0
37325.png,0
37331.png,0
37438.png,0
37476.png,0
37546.png,0
37612.png,0
37636.png,0
3782.png,0
37844.png,0
37845.png,0
37913.png,0
38014.png,0
38056.png,0
38142.png,0
38300.png,0
38474.png,0
38533.png,0
3857.png,0
38592.png,0
38638.png,0
38781.png,0
38997.png,0
39029.png,0
39038.png,0
39042.png,0
39045.png,0
39049.png,0
39118.png,0
39225.png,0
3936.png,0
39419.png,0
39492.png,0
39550.png,0
39632.png,0
39842.png,0
40005.png,0
40071.png,0
40146.png,0
40154.png,0
40155.png,0
40247.png,0
40296.png,0
40382.png,0
40456.png,0
40556.png,0
40647.png,0
40746.png,0
4079.png,0
40887.png,0
40958.png,0
41003.png,0
41016.png,0
41199.png,0
41580.png,0
41624.png,0
41739.png,0
41785.png,0
41788.png,0
41962.png,0
42012.png,0
4210.png,0
42327.png,0
42355.png,0
42618.png,0
42660.png,0
43121.png,0
43206.png,0
43409.png,0
43453.png,0
43467.png,0
43759.png,0
43763.png,0
43771.png,0
43809.png,0
43891.png,0
43903.png,0
4396.png,0
44012.png,0
44090.png,0
44197.png,0
44210.png,0
44232.png,0
44242.png,0
44251.png,0
4432.png,0
44472.png,0
445.png,0
44565.png,0
4473.png,0
44890.png,0
45163.png,0
45200.png,0
4523.png,0
4525.png,0
45331.png,0
45336.png,0
45372.png,0
45425.png,0
45456.png,0
45475.png,0
45517.png,0
45642.png,0
45880.png,0
45992.png,0
46006.png,0
46055.png,0
46184.png,0
46185.png,0
46493.png,0
46606.png,0
46670.png,0
46700.png,0
46705.png,0
46786.png,0
47204.png,0
47336.png,0
47389.png,0
47440.png,0
47527.png,0
47606.png,0
47788.png,0
47800.png,0
47930.png,0
47983.png,0
48024.png,0
48093.png,0
48133.png,0
4828.png,0
48562.png,0
48635.png,0
48779.png,0
4882.png,0
49044.png,0
49368.png,0
49500.png,0
49550.png,0
49568.png,0
49606.png,0
49769.png,0
49778.png,0
4978.png,0
5002.png,0
50142.png,0
50214.png,0
50251.png,0
50337.png,0
50403.png,0
50590.png,0
50599.png,0
50627.png,0
50726.png,0
50762.png,0
5079.png,0
50833.png,0
5084.png,0
50863.png,0
51443.png,0
51457.png,0
51706.png,0
51779.png,0
51969.png,0
5204.png,0
52131.png,0
52608.png,0
52667.png,0
52759.png,0
52934.png,0
53001.png,0
53037.png,0
53365.png,0
53610.png,0
53820.png,0
53869.png,0
53872.png,0
53897.png,0
53918.png,0
53930.png,0
53944.png,0
5400.png,0
54052.png,0
54211.png,0
54352.png,0
54408.png,0
54412.png,0
54439.png,0
54843.png,0
55157.png,0
55180.png,0
55200.png,0
55371.png,0
5538.png,0
55600.png,0
55883.png,0
56053.png,0
56162.png,0
56172.png,0
56176.png,0
56184.png,0
56271.png,0
5639.png,0
56456.png,0
56527.png,0
56551.png,0
56604.png,0
56635.png,0
56819.png,0
56938.png,0
57022.png,0
5705.png,0
57282.png,0
57391.png,0
57467.png,0
57495.png,0
57666.png,0
57723.png,0
57804.png,0
57824.png,0
57916.png,0
57993.png,0
5800.png,0
58018.png,0
58109.png,0
58137.png,0
58155.png,0
58243.png,0
58392.png,0
58497.png,0
58726.png,0
58770.png,0
58808.png,0
58980.png,0
59205.png,0
59238.png,0
59244.png,0
59312.png,0
59418.png,0
59493.png,0
59530.png,0
59565.png,0
59645.png,0
5969.png,0
59841.png,0
59859.png,0
59869.png,0
60189.png,0
60564.png,0
60579.png,0
60590.png,0
60595.png,0
60636.png,0
60675.png,0
60681.png,0
60716.png,0
6105.png,0
61105.png,0
61115.png,0
61280.png,0
61330.png,0
61389.png,0
61412.png,0
6143.png,0
61477.png,0
61480.png,0
6160.png,0
61714.png,0
61728.png,0
61766.png,0
61838.png,0
61870.png,0
61945.png,0
62507.png,0
62508.png,0
62668.png,0
6271.png,0
62723.png,0
62803.png,0
62836.png,0
62912.png,0
62969.png,0
62981.png,0
63218.png,0
63599.png,0
6372.png,0
63749.png,0
63820.png,0
63864.png,0
63901.png,0
63902.png,0
63920.png,0
63927.png,0
64057.png,0
64093.png,0
64125.png,0
64188.png,0
64192.png,0
64226.png,0
64266.png,0
64273.png,0
64322.png,0
64380.png,0
64381.png,0
64386.png,0
64413.png,0
64438.png,0
64449.png,0
64704.png,0
64778.png,0
64831.png,0
64869.png,0
64914.png,0
65010.png,0
6504.png,0
65071.png,0
65180.png,0
65335.png,0
65354.png,0
65423.png,0
65505.png,0
65527.png,0
65566.png,0
6558.png,0
65605.png,0
65642.png,0
65746.png,0
65910.png,0
65971.png,0
65996.png,0
65999.png,0
66025.png,0
66061.png,0
66113.png,0
66466.png,0
66521.png,0
66565.png,0
6659.png,0
66720.png,0
66814.png,0
66915.png,0
66985.png,0
6712.png,0
67144.png,0
67231.png,0
67244.png,0
67318.png,0
67375.png,0
67615.png,0
67622.png,0
67633.png,0
67785.png,0
67789.png,0
67790.png,0
67831.png,0
68286.png,0
68315.png,0
68316.png,0
68369.png,0
68443.png,0
68455.png,0
68479.png,0
68484.png,0
68524.png,0
68643.png,0
68803.png,0
68877.png,0
69034.png,0
69123.png,0
69308.png,0
69354.png,0
69560.png,0
69626.png,0
69646.png,0
69921.png,0
70277.png,0
70338.png,0
70380.png,0
70711.png,0
70755.png,0
70768.png,0
70811.png,0
70825.png,0
71115.png,0
71247.png,0
71310.png,0
71338.png,0
714.png,0
71450.png,0
71541.png,0
71579.png,0
71726.png,0
71785.png,0
71790.png,0
72077.png,0
721.png,0
7221.png,0
72252.png,0
7230.png,0
724.png,0
72484.png,0
72489.png,0
72782.png,0
72825.png,0
72959.png,0
73037.png,0
73082.png,0
73090.png,0
73094.png,0
73234.png,0
7326.png,0
73269.png,0
73305.png,0
73418.png,0
73466.png,0
73513.png,0
73786.png,0
73858.png,0
7392.png,0
74009.png,0
74081.png,0
74123.png,0
74173.png,0
74222.png,0
74252.png,0
74325.png,0
74448.png,0
74454.png,0
74672.png,0
74697.png,0
74793.png,0
74797.png,0
74817.png,0
74948.png,0
7513.png,0
75169.png,0
75183.png,0
7561.png,0
75815.png,0
75955.png,0
76012.png,0
7613.png,0
76198.png,0
76314.png,0
76441.png,0
76577.png,0
76907.png,0
77033.png,0
77036.png,0
77246.png,0
7767.png,0
7783.png,0
77851.png,0
77952.png,0
7803.png,0
78072.png,0
78142.png,0
78170.png,0
78221.png,0
78384.png,0
78389.png,0
7843.png,0
78475.png,0
78493.png,0
78756.png,0
78758.png,0
78788.png,0
78797.png,0
78812.png,0
78853.png,0
78889.png,0
7889.png,0
79005.png,0
79114.png,0
79241.png,0
793.png,0
79403.png,0
79419.png,0
79434.png,0
7953.png,0
79595.png,0
79750.png,0
79821.png,0
79881.png,0
80060.png,0
80211.png,0
80249.png,0
80266.png,0
80310.png,0
80323.png,0
80339.png,0
80366.png,0
804.png,0
80468.png,0
80543.png,0
80712.png,0
80737.png,0
80876.png,0
80883.png,0
81054.png,0
81121.png,0
81165.png,0
81267.png,0
81329.png,0
81397.png,0
81469.png,0
81491.png,0
81533.png,0
81562.png,0
8157.png,0
81605.png,0
81736.png,0
81750.png,0
81831.png,0
81833.png,0
81838.png,0
81839.png,0
8184.png,0
82202.png,0
82205.png,0
82244.png,0
82286.png,0
82426.png,0
82497.png,0
82510.png,0
82592.png,0
82661.png,0
82783.png,0
82897.png,0
82953.png,0
82971.png,0
83045.png,0
83093.png,0
83199.png,0
83206.png,0
83324.png,0
83384.png,0
83473.png,0
83779.png,0
83794.png,0
83908.png,0
83972.png,0
84007.png,0
84017.png,0
8406.png,0
84071.png,0
84214.png,0
84253.png,0
84254.png,0
84316.png,0
84325.png,0
84405.png,0
84673.png,0
84768.png,0
84862.png,0
84872.png,0
85008.png,0
85211.png,0
85330.png,0
8545.png,0
85519.png,0
85592.png,0
85663.png,0
85676.png,0
86014.png,0
86071.png,0
86165.png,0
86173.png,0
86423.png,0
86482.png,0
86695.png,0
86866.png,0
86882.png,0
86903.png,0
86990.png,0
87015.png,0
87048.png,0
87073.png,0
8712.png,0
87223.png,0
87296.png,0
8730.png,0
87336.png,0
87506.png,0
87868.png,0
88170.png,0
88324.png,0
88397.png,0
88422.png,0
88595.png,0
88625.png,0
88669.png,0
88741.png,0
88825.png,0
89216.png,0
89379.png,0
89380.png,0
89389.png,0
8949.png,0
89516.png,0
89522.png,0
8955.png,0
89571.png,0
8980.png,0
8989.png,0
90047.png,0
90214.png,0
9025.png,0
90303.png,0
90338.png,0
90373.png,0
90553.png,0
90616.png,0
90829.png,0
90848.png,0
90943.png,0
90952.png,0
91012.png,0
91083.png,0
91161.png,0
91181.png,0
91236.png,0
91433.png,0
91473.png,0
91582.png,0
91611.png,0
91645.png,0
91719.png,0
91807.png,0
91876.png,0
91879.png,0
91895.png,0
91921.png,0
92018.png,0
92192.png,0
92377.png,0
92426.png,0
92483.png,0
92632.png,0
92658.png,0
92696.png,0
93083.png,0
93216.png,0
93248.png,0
93250.png,0
93258.png,0
93350.png,0
93491.png,0
93592.png,0
9367.png,0
93779.png,0
94235.png,0
94256.png,0
94359.png,0
94383.png,0
94547.png,0
94671.png,0
94711.png,0
94830.png,0
94863.png,0
94971.png,0
9505.png,0
95093.png,0
95460.png,0
95487.png,0
95506.png,0
95645.png,0
95686.png,0
95719.png,0
95954.png,0
96192.png,0
9628.png,0
96341.png,0
96430.png,0
96611.png,0
96647.png,0
96760.png,0
96789.png,0
96879.png,0
97038.png,0
9704.png,0
9707.png,0
9716.png,0
97214.png,0
97246.png,0
97298.png,0
97490.png,0
97580.png,0
97679.png,0
97700.png,0
97757.png,0
98169.png,0
98173.png,0
98199.png,0
98225.png,0
98422.png,0
98443.png,0
98522.png,0
98539.png,0
98727.png,0
9874.png,0
99073.png,0
99075.png,0
99434.png,0
99540.png,0
99604.png,0
99618.png,0
99757.png,0
9982.png,0
99963.png,0
1002.png,1
1002.png.png,1
10138.png,1
10138.png.png,1
1029.png,1
1029.png.png,1
10596.png,1
10596.png.png,1
10669.png,1
10669.png.png,1
10719.png,1
10719.png.png,1
10729.png,1
10729.png.png,1
10750.png,1
10750.png.png,1
10801.png,1
10801.png.png,1
10901.png,1
10901.png.png,1
10946.png,1
10946.png.png,1
1097.png,1
1097.png.png,1
11110.png,1
11110.png.png,1
11125.png,1
11125.png.png,1
11191.png,1
11191.png.png,1
1127.png,1
1127.png.png,1
11429.png,1
11429.png.png,1
1147.png,1
1147.png.png,1
11896.png,1
11896.png.png,1
11956.png,1
11956.png.png,1
12056.png,1
12056.png.png,1
1225.png,1
1225.png.png,1
12283.png,1
12283.png.png,1
12390.png,1
12390.png.png,1
12714.png,1
12714.png.png,1
1283.png,1
1283.png.png,1
12868.png,1
12868.png.png,1
13.png,1
13.png.png,1
13034.png,1
13034.png.png,1
1326.png,1
1326.png.png,1
13351.png,1
13351.png.png,1
13387.png,1
13387.png.png,1
13847.png,1
13847.png.png,1
13914.png,1
13914.png.png,1
1400.png,1
1400.png.png,1
14063.png,1
14063.png.png,1
1409.png,1
1409.png.png,1
14145.png,1
14145.png.png,1
14319.png,1
14319.png.png,1
14426.png,1
14426.png.png,1
14516.png,1
14516.png.png,1
14549.png,1
14549.png.png,1
14551.png,1
14551.png.png,1
14635.png,1
14635.png.png,1
14722.png,1
14722.png.png,1
14785.png,1
14785.png.png,1
14811.png,1
14811.png.png,1
14864.png,1
14864.png.png,1
14964.png,1
14964.png.png,1
15017.png,1
15017.png.png,1
15085.png,1
15085.png.png,1
15211.png,1
15211.png.png,1
15400.png,1
15400.png.png,1
15417.png,1
15417.png.png,1
15633.png,1
15633.png.png,1
15694.png,1
15694.png.png,1
15729.png,1
15729.png.png,1
15741.png,1
15741.png.png,1
15790.png,1
15790.png.png,1
15823.png,1
15823.png.png,1
15846.png,1
15846.png.png,1
15978.png,1
15978.png.png,1
16058.png,1
16058.png.png,1
16096.png,1
16096.png.png,1
16132.png,1
16132.png.png,1
16158.png,1
16158.png.png,1
16192.png,1
16192.png.png,1
16252.png,1
16252.png.png,1
16286.png,1
16286.png.png,1
1644.png,1
1644.png.png,1
16440.png,1
16440.png.png,1
16464.png,1
16464.png.png,1
16696.png,1
16696.png.png,1
16771.png,1
16771.png.png,1
17231.png,1
17231.png.png,1
17406.png,1
17406.png.png,1
17484.png,1
17484.png.png,1
17489.png,1
17489.png.png,1
17551.png,1
17551.png.png,1
17585.png,1
17585.png.png,1
17611.png,1
17611.png.png,1
17626.png,1
17626.png.png,1
17686.png,1
17686.png.png,1
17996.png,1
17996.png.png,1
18324.png,1
18324.png.png,1
18494.png,1
18494.png.png,1
18668.png,1
18668.png.png,1
18747.png,1
18747.png.png,1
18750.png,1
18750.png.png,1
18773.png,1
18773.png.png,1
18814.png,1
18814.png.png,1
18911.png,1
18911.png.png,1
18980.png,1
18980.png.png,1
18984.png,1
18984.png.png,1
19050.png,1
19050.png.png,1
19141.png,1
19141.png.png,1
1920.png,1
1920.png.png,1
19218.png,1
19218.png.png,1
19404.png,1
19404.png.png,1
19429.png,1
19429.png.png,1
19433.png,1
19433.png.png,1
19440.png,1
19440.png.png,1
19486.png,1
19486.png.png,1
19487.png,1
19487.png.png,1
1950.png,1
1950.png.png,1
19513.png,1
19513.png.png,1
1962.png,1
1962.png.png,1
1969.png,1
1969.png.png,1
19693.png,1
19693.png.png,1
19811.png,1
19811.png.png,1
19824.png,1
19824.png.png,1
20029.png,1
20029.png.png,1
20030.png,1
20030.png.png,1
20042.png,1
20042.png.png,1
20170.png,1
20170.png.png,1
20193.png,1
20193.png.png,1
20194.png,1
20194.png.png,1
202.png,1
202.png.png,1
20302.png,1
20302.png.png,1
20526.png,1
20526.png.png,1
20528.png,1
20528.png.png,1
20683.png,1
20683.png.png,1
209.png,1
209.png.png,1
2110.png,1
2110.png.png,1
21257.png,1
21257.png.png,1
21303.png,1
21303.png.png,1
21360.png,1
21360.png.png,1
21372.png,1
21372.png.png,1
21553.png,1
21553.png.png,1
2169.png,1
2169.png.png,1
21911.png,1
21911.png.png,1
21968.png,1
21968.png.png,1
2205.png,1
2205.png.png,1
22098.png,1
22098.png.png,1
22170.png,1
22170.png.png,1
22191.png,1
22191.png.png,1
22237.png,1
22237.png.png,1
22320.png,1
22320.png.png,1
2236.png,1
2236.png.png,1
22440.png,1
22440.png.png,1
22632.png,1
22632.png.png,1
22694.png,1
22694.png.png,1
22783.png,1
22783.png.png,1
22837.png,1
22837.png.png,1
22853.png,1
22853.png.png,1
22910.png,1
22910.png.png,1
22914.png,1
22914.png.png,1
22959.png,1
22959.png.png,1
23011.png,1
23011.png.png,1
23016.png,1
23016.png.png,1
23112.png,1
23112.png.png,1
23195.png,1
23195.png.png,1
233.png,1
233.png.png,1
23314.png,1
23314.png.png,1
23432.png,1
23432.png.png,1
23546.png,1
23546.png.png,1
23661.png,1
23661.png.png,1
23753.png,1
23753.png.png,1
23952.png,1
23952.png.png,1
23959.png,1
23959.png.png,1
23968.png,1
23968.png.png,1
24104.png,1
24104.png.png,1
2411.png,1
2411.png.png,1
24146.png,1
24146.png.png,1
24273.png,1
24273.png.png,1
24317.png,1
24317.png.png,1
24353.png,1
24353.png.png,1
24649.png,1
24649.png.png,1
24797.png,1
24797.png.png,1
25034.png,1
25034.png.png,1
2504.png,1
2504.png.png,1
251.png,1
251.png.png,1
25236.png,1
25236.png.png,1
25285.png,1
25285.png.png,1
25645.png,1
25645.png.png,1
25650.png,1
25650.png.png,1
25655.png,1
25655.png.png,1
25681.png,1
25681.png.png,1
25684.png,1
25684.png.png,1
25719.png,1
25719.png.png,1
25741.png,1
25741.png.png,1
25811.png,1
25811.png.png,1
25850.png,1
25850.png.png,1
25899.png,1
25899.png.png,1
25909.png,1
25909.png.png,1
26043.png,1
26043.png.png,1
26068.png,1
26068.png.png,1
26209.png,1
26209.png.png,1
26256.png,1
26256.png.png,1
2626.png,1
2626.png.png,1
26351.png,1
26351.png.png,1
26514.png,1
26514.png.png,1
26586.png,1
26586.png.png,1
26603.png,1
26603.png.png,1
26617.png,1
26617.png.png,1
26785.png,1
26785.png.png,1
26876.png,1
26876.png.png,1
26882.png,1
26882.png.png,1
26891.png,1
26891.png.png,1
27310.png,1
27310.png.png,1
27323.png,1
27323.png.png,1
2749.png,1
2749.png.png,1
27569.png,1
27569.png.png,1
27712.png,1
27712.png.png,1
27848.png,1
27848.png.png,1
27867.png,1
27867.png.png,1
28030.png,1
28030.png.png,1
28139.png,1
28139.png.png,1
2822.png,1
2822.png.png,1
28388.png,1
28388.png.png,1
28454.png,1
28454.png.png,1
28457.png,1
28457.png.png,1
28460.png,1
28460.png.png,1
28528.png,1
28528.png.png,1
28585.png,1
28585.png.png,1
28599.png,1
28599.png.png,1
28666.png,1
28666.png.png,1
29044.png,1
29044.png.png,1
29096.png,1
29096.png.png,1
2920.png,1
2920.png.png,1
29208.png,1
29208.png.png,1
29230.png,1
29230.png.png,1
29266.png,1
29266.png.png,1
2928.png,1
2928.png.png,1
29527.png,1
29527.png.png,1
29550.png,1
29550.png.png,1
29610.png,1
29610.png.png,1
29774.png,1
29774.png.png,1
30092.png,1
30092.png.png,1
30098.png,1
30098.png.png,1
30167.png,1
30167.png.png,1
30295.png,1
30295.png.png,1
30448.png,1
30448.png.png,1
30506.png,1
30506.png.png,1
30527.png,1
30527.png.png,1
30541.png,1
30541.png.png,1
30684.png,1
30684.png.png,1
30769.png,1
30769.png.png,1
30941.png,1
30941.png.png,1
30995.png,1
30995.png.png,1
31176.png,1
31176.png.png,1
31187.png,1
31187.png.png,1
31307.png,1
31307.png.png,1
31415.png,1
31415.png.png,1
31497.png,1
31497.png.png,1
31565.png,1
31565.png.png,1
31689.png,1
31689.png.png,1
3197.png,1
3197.png.png,1
32130.png,1
32130.png.png,1
32186.png,1
32186.png.png,1
32220.png,1
32220.png.png,1
32236.png,1
32236.png.png,1
32352.png,1
32352.png.png,1
32848.png,1
32848.png.png,1
32998.png,1
32998.png.png,1
33055.png,1
33055.png.png,1
33140.png,1
33140.png.png,1
33207.png,1
33207.png.png,1
33368.png,1
33368.png.png,1
33369.png,1
33369.png.png,1
33453.png,1
33453.png.png,1
33579.png,1
33579.png.png,1
33604.png,1
33604.png.png,1
33616.png,1
33616.png.png,1
33660.png,1
33660.png.png,1
34220.png,1
34220.png.png,1
34264.png,1
34264.png.png,1
34401.png,1
34401.png.png,1
34535.png,1
34535.png.png,1
34586.png,1
34586.png.png,1
34627.png,1
34627.png.png,1
34738.png,1
34738.png.png,1
34742.png,1
34742.png.png,1
34784.png,1
34784.png.png,1
34935.png,1
34935.png.png,1
3494.png,1
3494.png.png,1
35021.png,1
35021.png.png,1
35025.png,1
35025.png.png,1
35026.png,1
35026.png.png,1
35449.png,1
35449.png.png,1
35451.png,1
35451.png.png,1
35545.png,1
35545.png.png,1
35556.png,1
35556.png.png,1
3563.png,1
3563.png.png,1
35660.png,1
35660.png.png,1
35664.png,1
35664.png.png,1
35812.png,1
35812.png.png,1
35835.png,1
35835.png.png,1
35846.png,1
35846.png.png,1
3598.png,1
3598.png.png,1
36091.png,1
36091.png.png,1
36180.png,1
36180.png.png,1
36361.png,1
36361.png.png,1
36518.png,1
36518.png.png,1
36722.png,1
36722.png.png,1
36766.png,1
36766.png.png,1
36999.png,1
36999.png.png,1
37094.png,1
37094.png.png,1
37126.png,1
37126.png.png,1
37273.png,1
37273.png.png,1
37275.png,1
37275.png.png,1
37284.png,1
37284.png.png,1
37434.png,1
37434.png.png,1
37442.png,1
37442.png.png,1
37443.png,1
37443.png.png,1
3765.png,1
3765.png.png,1
37661.png,1
37661.png.png,1
3775.png,1
3775.png.png,1
37883.png,1
37883.png.png,1
37951.png,1
37951.png.png,1
37996.png,1
37996.png.png,1
38022.png,1
38022.png.png,1
38028.png,1
38028.png.png,1
38257.png,1
38257.png.png,1
38719.png,1
38719.png.png,1
38751.png,1
38751.png.png,1
38772.png,1
38772.png.png,1
38786.png,1
38786.png.png,1
38952.png,1
38952.png.png,1
39070.png,1
39070.png.png,1
39095.png,1
39095.png.png,1
39162.png,1
39162.png.png,1
3917.png,1
3917.png.png,1
39174.png,1
39174.png.png,1
39267.png,1
39267.png.png,1
39367.png,1
39367.png.png,1
39410.png,1
39410.png.png,1
39436.png,1
39436.png.png,1
39451.png,1
39451.png.png,1
39530.png,1
39530.png.png,1
39545.png,1
39545.png.png,1
39593.png,1
39593.png.png,1
398.png,1
398.png.png,1
39807.png,1
39807.png.png,1
39900.png,1
39900.png.png,1
3992.png,1
3992.png.png,1
40361.png,1
40361.png.png,1
40578.png,1
40578.png.png,1
40622.png,1
40622.png.png,1
40649.png,1
40649.png.png,1
40767.png,1
40767.png.png,1
40852.png,1
40852.png.png,1
40865.png,1
40865.png.png,1
40985.png,1
40985.png.png,1
40998.png,1
40998.png.png,1
4100.png,1
4100.png.png,1
41318.png,1
41318.png.png,1
41336.png,1
41336.png.png,1
41339.png,1
41339.png.png,1
41384.png,1
41384.png.png,1
41473.png,1
41473.png.png,1
41527.png,1
41527.png.png,1
4153.png,1
4153.png.png,1
41565.png,1
41565.png.png,1
41623.png,1
41623.png.png,1
4168.png,1
4168.png.png,1
41715.png,1
41715.png.png,1
41870.png,1
41870.png.png,1
41895.png,1
41895.png.png,1
41897.png,1
41897.png.png,1
41988.png,1
41988.png.png,1
4204.png,1
4204.png.png,1
42107.png,1
42107.png.png,1
42124.png,1
42124.png.png,1
42134.png,1
42134.png.png,1
42149.png,1
42149.png.png,1
4218.png,1
4218.png.png,1
42552.png,1
42552.png.png,1
42566.png,1
42566.png.png,1
42579.png,1
42579.png.png,1
42767.png,1
42767.png.png,1
42793.png,1
42793.png.png,1
42846.png,1
42846.png.png,1
42853.png,1
42853.png.png,1
42995.png,1
42995.png.png,1
42997.png,1
42997.png.png,1
43019.png,1
43019.png.png,1
43104.png,1
43104.png.png,1
43131.png,1
43131.png.png,1
43219.png,1
43219.png.png,1
43623.png,1
43623.png.png,1
43669.png,1
43669.png.png,1
43729.png,1
43729.png.png,1
4388.png,1
4388.png.png,1
43909.png,1
43909.png.png,1
43921.png,1
43921.png.png,1
43936.png,1
43936.png.png,1
44031.png,1
44031.png.png,1
44032.png,1
44032.png.png,1
44080.png,1
44080.png.png,1
4419.png,1
4419.png.png,1
44419.png,1
44419.png.png,1
44506.png,1
44506.png.png,1
44580.png,1
44580.png.png,1
44771.png,1
44771.png.png,1
44782.png,1
44782.png.png,1
44784.png,1
44784.png.png,1
44889.png,1
44889.png.png,1
44924.png,1
44924.png.png,1
44925.png,1
44925.png.png,1
45255.png,1
45255.png.png,1
45256.png,1
45256.png.png,1
45335.png,1
45335.png.png,1
4537.png,1
4537.png.png,1
45413.png,1
45413.png.png,1
45577.png,1
45577.png.png,1
45596.png,1
45596.png.png,1
4572.png,1
4572.png.png,1
45768.png,1
45768.png.png,1
45776.png,1
45776.png.png,1
46155.png,1
46155.png.png,1
46375.png,1
46375.png.png,1
46756.png,1
46756.png.png,1
46790.png,1
46790.png.png,1
469.png,1
469.png.png,1
47023.png,1
47023.png.png,1
47075.png,1
47075.png.png,1
47125.png,1
47125.png.png,1
47220.png,1
47220.png.png,1
47525.png,1
47525.png.png,1
4756.png,1
4756.png.png,1
47570.png,1
47570.png.png,1
47596.png,1
47596.png.png,1
47611.png,1
47611.png.png,1
47847.png,1
47847.png.png,1
47903.png,1
47903.png.png,1
48006.png,1
48006.png.png,1
4808.png,1
4808.png.png,1
48115.png,1
48115.png.png,1
4816.png,1
4816.png.png,1
48197.png,1
48197.png.png,1
48302.png,1
48302.png.png,1
48512.png,1
48512.png.png,1
48942.png,1
48942.png.png,1
49320.png,1
49320.png.png,1
49447.png,1
49447.png.png,1
49468.png,1
49468.png.png,1
49800.png,1
49800.png.png,1
49860.png,1
49860.png.png,1
49970.png,1
49970.png.png,1
50119.png,1
50119.png.png,1
50216.png,1
50216.png.png,1
50255.png,1
50255.png.png,1
50287.png,1
50287.png.png,1
50451.png,1
50451.png.png,1
50482.png,1
50482.png.png,1
5058.png,1
5058.png.png,1
50584.png,1
50584.png.png,1
50647.png,1
50647.png.png,1
51016.png,1
51016.png.png,1
51057.png,1
51057.png.png,1
51078.png,1
51078.png.png,1
512.png,1
512.png.png,1
51215.png,1
51215.png.png,1
51256.png,1
51256.png.png,1
51392.png,1
51392.png.png,1
51427.png,1
51427.png.png,1
51460.png,1
51460.png.png,1
515.png,1
515.png.png,1
51560.png,1
51560.png.png,1
51625.png,1
51625.png.png,1
51670.png,1
51670.png.png,1
51708.png,1
51708.png.png,1
5172.png,1
5172.png.png,1
5174.png,1
5174.png.png,1
51818.png,1
51818.png.png,1
52210.png,1
52210.png.png,1
52243.png,1
52243.png.png,1
52291.png,1
52291.png.png,1
523.png,1
523.png.png,1
5251.png,1
5251.png.png,1
52571.png,1
52571.png.png,1
5263.png,1
5263.png.png,1
52693.png,1
52693.png.png,1
52740.png,1
52740.png.png,1
52834.png,1
52834.png.png,1
53089.png,1
53089.png.png,1
53195.png,1
53195.png.png,1
53428.png,1
53428.png.png,1
53463.png,1
53463.png.png,1
53481.png,1
53481.png.png,1
53503.png,1
53503.png.png,1
53542.png,1
53542.png.png,1
53670.png,1
53670.png.png,1
53772.png,1
53772.png.png,1
54009.png,1
54009.png.png,1
54155.png,1
54155.png.png,1
54178.png,1
54178.png.png,1
54307.png,1
54307.png.png,1
54335.png,1
54335.png.png,1
5437.png,1
5437.png.png,1
54395.png,1
54395.png.png,1
54500.png,1
54500.png.png,1
54533.png,1
54533.png.png,1
54547.png,1
54547.png.png,1
54609.png,1
54609.png.png,1
54633.png,1
54633.png.png,1
54642.png,1
54642.png.png,1
54715.png,1
54715.png.png,1
5472.png,1
5472.png.png,1
54787.png,1
54787.png.png,1
54822.png,1
54822.png.png,1
55005.png,1
55005.png.png,1
55019.png,1
55019.png.png,1
55222.png,1
55222.png.png,1
55469.png,1
55469.png.png,1
55483.png,1
55483.png.png,1
5558.png,1
5558.png.png,1
5560.png,1
5560.png.png,1
55662.png,1
55662.png.png,1
55691.png,1
55691.png.png,1
55783.png,1
55783.png.png,1
55802.png,1
55802.png.png,1
55832.png,1
55832.png.png,1
55845.png,1
55845.png.png,1
55976.png,1
55976.png.png,1
56203.png,1
56203.png.png,1
56258.png,1
56258.png.png,1
56273.png,1
56273.png.png,1
5652.png,1
5652.png.png,1
56668.png,1
56668.png.png,1
5692.png,1
5692.png.png,1
56944.png,1
56944.png.png,1
56947.png,1
56947.png.png,1
57056.png,1
57056.png.png,1
57145.png,1
57145.png.png,1
57158.png,1
57158.png.png,1
5732.png,1
5732.png.png,1
57364.png,1
57364.png.png,1
57449.png,1
57449.png.png,1
5779.png,1
5779.png.png,1
57953.png,1
57953.png.png,1
57957.png,1
57957.png.png,1
58069.png,1
58069.png.png,1
58151.png,1
58151.png.png,1
58605.png,1
58605.png.png,1
58612.png,1
58612.png.png,1
587.png,1
587.png.png,1
58880.png,1
58880.png.png,1
58987.png,1
58987.png.png,1
59060.png,1
59060.png.png,1
59239.png,1
59239.png.png,1
59252.png,1
59252.png.png,1
59402.png,1
59402.png.png,1
59431.png,1
59431.png.png,1
5953.png,1
5953.png.png,1
59538.png,1
59538.png.png,1
59611.png,1
59611.png.png,1
59991.png,1
59991.png.png,1
60078.png,1
60078.png.png,1
60113.png,1
60113.png.png,1
60274.png,1
60274.png.png,1
60342.png,1
60342.png.png,1
60425.png,1
60425.png.png,1
60539.png,1
60539.png.png,1
60593.png,1
60593.png.png,1
60631.png,1
60631.png.png,1
60672.png,1
60672.png.png,1
60732.png,1
60732.png.png,1
60813.png,1
60813.png.png,1
60939.png,1
60939.png.png,1
61023.png,1
61023.png.png,1
61169.png,1
61169.png.png,1
6136.png,1
6136.png.png,1
61399.png,1
61399.png.png,1
61520.png,1
61520.png.png,1
61522.png,1
61522.png.png,1
61696.png,1
61696.png.png,1
61698.png,1
61698.png.png,1
61850.png,1
61850.png.png,1
61877.png,1
61877.png.png,1
61991.png,1
61991.png.png,1
62078.png,1
62078.png.png,1
62336.png,1
62336.png.png,1
62397.png,1
62397.png.png,1
62667.png,1
62667.png.png,1
62994.png,1
62994.png.png,1
63215.png,1
63215.png.png,1
63348.png,1
63348.png.png,1
6340.png,1
6340.png.png,1
63776.png,1
63776.png.png,1
63805.png,1
63805.png.png,1
63825.png,1
63825.png.png,1
64130.png,1
64130.png.png,1
64152.png,1
64152.png.png,1
64280.png,1
64280.png.png,1
64586.png,1
64586.png.png,1
64963.png,1
64963.png.png,1
65096.png,1
65096.png.png,1
65142.png,1
65142.png.png,1
65229.png,1
65229.png.png,1
65255.png,1
65255.png.png,1
65259.png,1
65259.png.png,1
65314.png,1
65314.png.png,1
65321.png,1
65321.png.png,1
65584.png,1
65584.png.png,1
65889.png,1
65889.png.png,1
65936.png,1
65936.png.png,1
65959.png,1
65959.png.png,1
66154.png,1
66154.png.png,1
66175.png,1
66175.png.png,1
66257.png,1
66257.png.png,1
6631.png,1
6631.png.png,1
66346.png,1
66346.png.png,1
6643.png,1
6643.png.png,1
66443.png,1
66443.png.png,1
66453.png,1
66453.png.png,1
66477.png,1
66477.png.png,1
66583.png,1
66583.png.png,1
66765.png,1
66765.png.png,1
66822.png,1
66822.png.png,1
66855.png,1
66855.png.png,1
66873.png,1
66873.png.png,1
67151.png,1
67151.png.png,1
67176.png,1
67176.png.png,1
67184.png,1
67184.png.png,1
67267.png,1
67267.png.png,1
67296.png,1
67296.png.png,1
67347.png,1
67347.png.png,1
6739.png,1
6739.png.png,1
67504.png,1
67504.png.png,1
67557.png,1
67557.png.png,1
67702.png,1
67702.png.png,1
67710.png,1
67710.png.png,1
67722.png,1
67722.png.png,1
67756.png,1
67756.png.png,1
67835.png,1
67835.png.png,1
67867.png,1
67867.png.png,1
6796.png,1
6796.png.png,1
68003.png,1
68003.png.png,1
68011.png,1
68011.png.png,1
68029.png,1
68029.png.png,1
68057.png,1
68057.png.png,1
68085.png,1
68085.png.png,1
68258.png,1
68258.png.png,1
68285.png,1
68285.png.png,1
68353.png,1
68353.png.png,1
68548.png,1
68548.png.png,1
68644.png,1
68644.png.png,1
68711.png,1
68711.png.png,1
68862.png,1
68862.png.png,1
68923.png,1
68923.png.png,1
68972.png,1
68972.png.png,1
68999.png,1
68999.png.png,1
69121.png,1
69121.png.png,1
69211.png,1
69211.png.png,1
69408.png,1
69408.png.png,1
6945.png,1
6945.png.png,1
69502.png,1
69502.png.png,1
69506.png,1
69506.png.png,1
69643.png,1
69643.png.png,1
69781.png,1
69781.png.png,1
69812.png,1
69812.png.png,1
6982.png,1
6982.png.png,1
69926.png,1
69926.png.png,1
70077.png,1
70077.png.png,1
70188.png,1
70188.png.png,1
70192.png,1
70192.png.png,1
70443.png,1
70443.png.png,1
70494.png,1
70494.png.png,1
70744.png,1
70744.png.png,1
70812.png,1
70812.png.png,1
70832.png,1
70832.png.png,1
70895.png,1
70895.png.png,1
70896.png,1
70896.png.png,1
70927.png,1
70927.png.png,1
70940.png,1
70940.png.png,1
71099.png,1
71099.png.png,1
71234.png,1
71234.png.png,1
71396.png,1
71396.png.png,1
71472.png,1
71472.png.png,1
71512.png,1
71512.png.png,1
71525.png,1
71525.png.png,1
71583.png,1
71583.png.png,1
71614.png,1
71614.png.png,1
71885.png,1
71885.png.png,1
71949.png,1
71949.png.png,1
71983.png,1
71983.png.png,1
72282.png,1
72282.png.png,1
72319.png,1
72319.png.png,1
72364.png,1
72364.png.png,1
72396.png,1
72396.png.png,1
72400.png,1
72400.png.png,1
72421.png,1
72421.png.png,1
72631.png,1
72631.png.png,1
72724.png,1
72724.png.png,1
72765.png,1
72765.png.png,1
72929.png,1
72929.png.png,1
73182.png,1
73182.png.png,1
73443.png,1
73443.png.png,1
73500.png,1
73500.png.png,1
73510.png,1
73510.png.png,1
73586.png,1
73586.png.png,1
73670.png,1
73670.png.png,1
73703.png,1
73703.png.png,1
73746.png,1
73746.png.png,1
73918.png,1
73918.png.png,1
7411.png,1
7411.png.png,1
74182.png,1
74182.png.png,1
74212.png,1
74212.png.png,1
74231.png,1
74231.png.png,1
74303.png,1
74303.png.png,1
74315.png,1
74315.png.png,1
74371.png,1
74371.png.png,1
74677.png,1
74677.png.png,1
74960.png,1
74960.png.png,1
75029.png,1
75029.png.png,1
75070.png,1
75070.png.png,1
75130.png,1
75130.png.png,1
75187.png,1
75187.png.png,1
75204.png,1
75204.png.png,1
75496.png,1
75496.png.png,1
75568.png,1
75568.png.png,1
75666.png,1
75666.png.png,1
75754.png,1
75754.png.png,1
76151.png,1
76151.png.png,1
76168.png,1
76168.png.png,1
76235.png,1
76235.png.png,1
76436.png,1
76436.png.png,1
76549.png,1
76549.png.png,1
76620.png,1
76620.png.png,1
76688.png,1
76688.png.png,1
76710.png,1
76710.png.png,1
7695.png,1
7695.png.png,1
77051.png,1
77051.png.png,1
77203.png,1
77203.png.png,1
77247.png,1
77247.png.png,1
77445.png,1
77445.png.png,1
77448.png,1
77448.png.png,1
77532.png,1
77532.png.png,1
7763.png,1
7763.png.png,1
77658.png,1
77658.png.png,1
77659.png,1
77659.png.png,1
77700.png,1
77700.png.png,1
77741.png,1
77741.png.png,1
77754.png,1
77754.png.png,1
77793.png,1
77793.png.png,1
77891.png,1
77891.png.png,1
77907.png,1
77907.png.png,1
77927.png,1
77927.png.png,1
77947.png,1
77947.png.png,1
78075.png,1
78075.png.png,1
78136.png,1
78136.png.png,1
78325.png,1
78325.png.png,1
78330.png,1
78330.png.png,1
7856.png,1
7856.png.png,1
78570.png,1
78570.png.png,1
78689.png,1
78689.png.png,1
78738.png,1
78738.png.png,1
79050.png,1
79050.png.png,1
7913.png,1
7913.png.png,1
7933.png,1
7933.png.png,1
79468.png,1
79468.png.png,1
7952.png,1
7952.png.png,1
7955.png,1
7955.png.png,1
79762.png,1
79762.png.png,1
79804.png,1
79804.png.png,1
79979.png,1
79979.png.png,1
80005.png,1
80005.png.png,1
80011.png,1
80011.png.png,1
80137.png,1
80137.png.png,1
80160.png,1
80160.png.png,1
80217.png,1
80217.png.png,1
80271.png,1
80271.png.png,1
80564.png,1
80564.png.png,1
80811.png,1
80811.png.png,1
80860.png,1
80860.png.png,1
80924.png,1
80924.png.png,1
81017.png,1
81017.png.png,1
81204.png,1
81204.png.png,1
81255.png,1
81255.png.png,1
81261.png,1
81261.png.png,1
81366.png,1
81366.png.png,1
81395.png,1
81395.png.png,1
81485.png,1
81485.png.png,1
81571.png,1
81571.png.png,1
81617.png,1
81617.png.png,1
8162.png,1
8162.png.png,1
81636.png,1
81636.png.png,1
8176.png,1
8176.png.png,1
81780.png,1
81780.png.png,1
81813.png,1
81813.png.png,1
81827.png,1
81827.png.png,1
81868.png,1
81868.png.png,1
82169.png,1
82169.png.png,1
82308.png,1
82308.png.png,1
82476.png,1
82476.png.png,1
82533.png,1
82533.png.png,1
82553.png,1
82553.png.png,1
82572.png,1
82572.png.png,1
82639.png,1
82639.png.png,1
82669.png,1
82669.png.png,1
82736.png,1
82736.png.png,1
82759.png,1
82759.png.png,1
82867.png,1
82867.png.png,1
83166.png,1
83166.png.png,1
83246.png,1
83246.png.png,1
83266.png,1
83266.png.png,1
83289.png,1
83289.png.png,1
8343.png,1
8343.png.png,1
83547.png,1
83547.png.png,1
83551.png,1
83551.png.png,1
83673.png,1
83673.png.png,1
83852.png,1
83852.png.png,1
83899.png,1
83899.png.png,1
83998.png,1
83998.png.png,1
83999.png,1
83999.png.png,1
84014.png,1
84014.png.png,1
84035.png,1
84035.png.png,1
84144.png,1
84144.png.png,1
8424.png,1
8424.png.png,1
84429.png,1
84429.png.png,1
8455.png,1
8455.png.png,1
84568.png,1
84568.png.png,1
84608.png,1
84608.png.png,1
84841.png,1
84841.png.png,1
85027.png,1
85027.png.png,1
85041.png,1
85041.png.png,1
85055.png,1
85055.png.png,1
85244.png,1
85244.png.png,1
85347.png,1
85347.png.png,1
85537.png,1
85537.png.png,1
85685.png,1
85685.png.png,1
85692.png,1
85692.png.png,1
85738.png,1
85738.png.png,1
8577.png,1
8577.png.png,1
85788.png,1
85788.png.png,1
85831.png,1
85831.png.png,1
85834.png,1
85834.png.png,1
85861.png,1
85861.png.png,1
8599.png,1
8599.png.png,1
86086.png,1
86086.png.png,1
86087.png,1
86087.png.png,1
86123.png,1
86123.png.png,1
86130.png,1
86130.png.png,1
86166.png,1
86166.png.png,1
86238.png,1
86238.png.png,1
86377.png,1
86377.png.png,1
86395.png,1
86395.png.png,1
8644.png,1
8644.png.png,1
86476.png,1
86476.png.png,1
86488.png,1
86488.png.png,1
86631.png,1
86631.png.png,1
86638.png,1
86638.png.png,1
86804.png,1
86804.png.png,1
86911.png,1
86911.png.png,1
86949.png,1
86949.png.png,1
87.png,1
87.png.png,1
87051.png,1
87051.png.png,1
87389.png,1
87389.png.png,1
87646.png,1
87646.png.png,1
87655.png,1
87655.png.png,1
87730.png,1
87730.png.png,1
87762.png,1
87762.png.png,1
88105.png,1
88105.png.png,1
8814.png,1
8814.png.png,1
88190.png,1
88190.png.png,1
88192.png,1
88192.png.png,1
88320.png,1
88320.png.png,1
8835.png,1
8835.png.png,1
88454.png,1
88454.png.png,1
88642.png,1
88642.png.png,1
8873.png,1
8873.png.png,1
88816.png,1
88816.png.png,1
88888.png,1
88888.png.png,1
89112.png,1
89112.png.png,1
89245.png,1
89245.png.png,1
89343.png,1
89343.png.png,1
89370.png,1
89370.png.png,1
89416.png,1
89416.png.png,1
89678.png,1
89678.png.png,1
89685.png,1
89685.png.png,1
89700.png,1
89700.png.png,1
89755.png,1
89755.png.png,1
89830.png,1
89830.png.png,1
89866.png,1
89866.png.png,1
90049.png,1
90049.png.png,1
90054.png,1
90054.png.png,1
90058.png,1
90058.png.png,1
90075.png,1
90075.png.png,1
90189.png,1
90189.png.png,1
90329.png,1
90329.png.png,1
90403.png,1
90403.png.png,1
9045.png,1
9045.png.png,1
90455.png,1
90455.png.png,1
90592.png,1
90592.png.png,1
90654.png,1
90654.png.png,1
90702.png,1
90702.png.png,1
90724.png,1
90724.png.png,1
9073.png,1
9073.png.png,1
90765.png,1
90765.png.png,1
90790.png,1
90790.png.png,1
90828.png,1
90828.png.png,1
90884.png,1
90884.png.png,1
90936.png,1
90936.png.png,1
91140.png,1
91140.png.png,1
91198.png,1
91198.png.png,1
91436.png,1
91436.png.png,1
91466.png,1
91466.png.png,1
91610.png,1
91610.png.png,1
91702.png,1
91702.png.png,1
91778.png,1
91778.png.png,1
91941.png,1
91941.png.png,1
9212.png,1
9212.png.png,1
92122.png,1
92122.png.png,1
92238.png,1
92238.png.png,1
92252.png,1
92252.png.png,1
92525.png,1
92525.png.png,1
92674.png,1
92674.png.png,1
92748.png,1
92748.png.png,1
92804.png,1
92804.png.png,1
92981.png,1
92981.png.png,1
93038.png,1
93038.png.png,1
9312.png,1
9312.png.png,1
93135.png,1
93135.png.png,1
93193.png,1
93193.png.png,1
93234.png,1
93234.png.png,1
93358.png,1
93358.png.png,1
93483.png,1
93483.png.png,1
93628.png,1
93628.png.png,1
93759.png,1
93759.png.png,1
93770.png,1
93770.png.png,1
93890.png,1
93890.png.png,1
94121.png,1
94121.png.png,1
94159.png,1
94159.png.png,1
94229.png,1
94229.png.png,1
94528.png,1
94528.png.png,1
94583.png,1
94583.png.png,1
94599.png,1
94599.png.png,1
94687.png,1
94687.png.png,1
94707.png,1
94707.png.png,1
94754.png,1
94754.png.png,1
94791.png,1
94791.png.png,1
94800.png,1
94800.png.png,1
9482.png,1
9482.png.png,1
94862.png,1
94862.png.png,1
9509.png,1
9509.png.png,1
9513.png,1
9513.png.png,1
95162.png,1
95162.png.png,1
95225.png,1
95225.png.png,1
95335.png,1
95335.png.png,1
95343.png,1
95343.png.png,1
95455.png,1
95455.png.png,1
95580.png,1
95580.png.png,1
95714.png,1
95714.png.png,1
9594.png,1
9594.png.png,1
96060.png,1
96060.png.png,1
96194.png,1
96194.png.png,1
96241.png,1
96241.png.png,1
96295.png,1
96295.png.png,1
96309.png,1
96309.png.png,1
96338.png,1
96338.png.png,1
96440.png,1
96440.png.png,1
96500.png,1
96500.png.png,1
96513.png,1
96513.png.png,1
9660.png,1
9660.png.png,1
96667.png,1
96667.png.png,1
96675.png,1
96675.png.png,1
96830.png,1
96830.png.png,1
96839.png,1
96839.png.png,1
96886.png,1
96886.png.png,1
96938.png,1
96938.png.png,1
97050.png,1
97050.png.png,1
97063.png,1
97063.png.png,1
97066.png,1
97066.png.png,1
97087.png,1
97087.png.png,1
9714.png,1
9714.png.png,1
97480.png,1
97480.png.png,1
97561.png,1
97561.png.png,1
97630.png,1
97630.png.png,1
97669.png,1
97669.png.png,1
97769.png,1
97769.png.png,1
97789.png,1
97789.png.png,1
97873.png,1
97873.png.png,1
97938.png,1
97938.png.png,1
97949.png,1
97949.png.png,1
98122.png,1
98122.png.png,1
98161.png,1
98161.png.png,1
98256.png,1
98256.png.png,1
98329.png,1
98329.png.png,1
98442.png,1
98442.png.png,1
98565.png,1
98565.png.png,1
98828.png,1
98828.png.png,1
98870.png,1
98870.png.png,1
9894.png,1
9894.png.png,1
9900.png,1
9900.png.png,1
9910.png,1
9910.png.png,1
99254.png,1
99254.png.png,1
99373.png,1
99373.png.png,1
99383.png,1
99383.png.png,1
99411.png,1
99411.png.png,1
99599.png,1
99599.png.png,1
99656.png,1
99656.png.png,1
99674.png,1
99674.png.png,1
99676.png,1
99676.png.png,1
9970.png,1
9970.png.png,1
99739.png,1
99739.png.png,1
99929.png,1
99929.png.png,1
99978.png,1
99978.png.png,1
99996.png,1
99996.png.png,1
1008.png,2
10306.png,2
10565.png,2
10640.png,2
10771.png,2
10980.png,2
11065.png,2
11148.png,2
11197.png,2
11198.png,2
11206.png,2
11355.png,2
11397.png,2
11502.png,2
11932.png,2
11963.png,2
11994.png,2
12002.png,2
12034.png,2
12101.png,2
12173.png,2
12435.png,2
12551.png,2
12618.png,2
12641.png,2
12674.png,2
12778.png,2
12909.png,2
13089.png,2
1318.png,2
13180.png,2
13221.png,2
13283.png,2
13450.png,2
13460.png,2
1351.png,2
13636.png,2
13693.png,2
13729.png,2
1379.png,2
13834.png,2
13893.png,2
13942.png,2
13967.png,2
13998.png,2
14004.png,2
14032.png,2
14332.png,2
14503.png,2
14649.png,2
14715.png,2
14921.png,2
15209.png,2
15282.png,2
15308.png,2
15318.png,2
15361.png,2
15488.png,2
15502.png,2
15737.png,2
15782.png,2
15835.png,2
15865.png,2
15867.png,2
16032.png,2
16258.png,2
16537.png,2
16635.png,2
1705.png,2
17134.png,2
17162.png,2
17168.png,2
17215.png,2
17318.png,2
17487.png,2
17870.png,2
17903.png,2
17914.png,2
18008.png,2
18433.png,2
1864.png,2
18655.png,2
18688.png,2
18816.png,2
18864.png,2
19032.png,2
19093.png,2
19136.png,2
19171.png,2
19407.png,2
19573.png,2
19661.png,2
19772.png,2
19792.png,2
19891.png,2
19965.png,2
20113.png,2
20125.png,2
2023.png,2
20328.png,2
20358.png,2
20376.png,2
20441.png,2
20594.png,2
2060.png,2
20659.png,2
20995.png,2
21277.png,2
21306.png,2
21317.png,2
21403.png,2
21490.png,2
21727.png,2
2176.png,2
21801.png,2
21807.png,2
21943.png,2
22029.png,2
22068.png,2
22217.png,2
22228.png,2
22232.png,2
2224.png,2
223.png,2
22369.png,2
22528.png,2
2255.png,2
22813.png,2
22814.png,2
2290.png,2
22928.png,2
22960.png,2
23060.png,2
23096.png,2
23115.png,2
23191.png,2
23217.png,2
23285.png,2
23352.png,2
23417.png,2
23560.png,2
23709.png,2
24088.png,2
24558.png,2
24779.png,2
24816.png,2
24879.png,2
24916.png,2
24926.png,2
24934.png,2
25059.png,2
25100.png,2
25314.png,2
25394.png,2
25424.png,2
25462.png,2
25628.png,2
25781.png,2
2600.png,2
26103.png,2
26249.png,2
26259.png,2
26331.png,2
26536.png,2
26720.png,2
26742.png,2
26802.png,2
26892.png,2
2693.png,2
26961.png,2
27225.png,2
27493.png,2
27500.png,2
27860.png,2
2791.png,2
2796.png,2
27966.png,2
28003.png,2
28134.png,2
28175.png,2
28340.png,2
28490.png,2
28718.png,2
28729.png,2
28737.png,2
28764.png,2
28886.png,2
29013.png,2
29117.png,2
29118.png,2
29121.png,2
29147.png,2
29241.png,2
29276.png,2
29371.png,2
29395.png,2
29416.png,2
29447.png,2
29461.png,2
29476.png,2
29487.png,2
29554.png,2
29638.png,2
29649.png,2
29707.png,2
29752.png,2
29768.png,2
29784.png,2
29819.png,2
2988.png,2
29894.png,2
29993.png,2
30032.png,2
30139.png,2
30177.png,2
30190.png,2
3020.png,2
3024.png,2
30426.png,2
30572.png,2
30713.png,2
31131.png,2
31163.png,2
31237.png,2
31392.png,2
31489.png,2
31517.png,2
31582.png,2
31631.png,2
31786.png,2
31825.png,2
32238.png,2
32332.png,2
32413.png,2
3243.png,2
32722.png,2
3273.png,2
32823.png,2
32902.png,2
32952.png,2
32964.png,2
32968.png,2
32981.png,2
33014.png,2
33083.png,2
33333.png,2
33376.png,2
33424.png,2
33569.png,2
3359.png,2
33876.png,2
33921.png,2
34150.png,2
34300.png,2
34352.png,2
34411.png,2
34527.png,2
346.png,2
34659.png,2
34672.png,2
34769.png,2
34821.png,2
34874.png,2
35135.png,2
35147.png,2
35223.png,2
35265.png,2
35535.png,2
3555.png,2
35662.png,2
35668.png,2
35850.png,2
35912.png,2
35925.png,2
35979.png,2
36077.png,2
36089.png,2
36127.png,2
36215.png,2
36305.png,2
36311.png,2
36635.png,2
36664.png,2
36876.png,2
36904.png,2
36910.png,2
36982.png,2
36993.png,2
37048.png,2
3723.png,2
37333.png,2
37452.png,2
37578.png,2
37787.png,2
37825.png,2
38066.png,2
38154.png,2
38266.png,2
38298.png,2
383.png,2
38381.png,2
38385.png,2
38397.png,2
39078.png,2
39083.png,2
394.png,2
39411.png,2
39417.png,2
39447.png,2
39636.png,2
39685.png,2
39700.png,2
39731.png,2
39820.png,2
3985.png,2
40007.png,2
40009.png,2
40236.png,2
40311.png,2
40360.png,2
40446.png,2
40524.png,2
40623.png,2
40702.png,2
40720.png,2
40771.png,2
40774.png,2
4084.png,2
40866.png,2
40885.png,2
40975.png,2
41316.png,2
41397.png,2
41431.png,2
4150.png,2
41511.png,2
41537.png,2
41826.png,2
42035.png,2
42063.png,2
42129.png,2
42201.png,2
42303.png,2
42362.png,2
42489.png,2
42499.png,2
42514.png,2
43015.png,2
43122.png,2
43126.png,2
43205.png,2
43252.png,2
43353.png,2
43385.png,2
43596.png,2
43854.png,2
43873.png,2
43880.png,2
43994.png,2
44019.png,2
44027.png,2
44058.png,2
44206.png,2
4421.png,2
44248.png,2
44421.png,2
44575.png,2
44643.png,2
44878.png,2
4496.png,2
45007.png,2
45072.png,2
45161.png,2
45286.png,2
45292.png,2
45294.png,2
45306.png,2
45313.png,2
4545.png,2
4548.png,2
45487.png,2
45515.png,2
45543.png,2
45556.png,2
45584.png,2
45993.png,2
46197.png,2
46203.png,2
46279.png,2
4628.png,2
46317.png,2
46354.png,2
46451.png,2
46588.png,2
4673.png,2
46757.png,2
46896.png,2
4715.png,2
47166.png,2
4720.png,2
47287.png,2
4747.png,2
47485.png,2
47677.png,2
47892.png,2
47963.png,2
48064.png,2
48155.png,2
48179.png,2
4820.png,2
4827.png,2
48304.png,2
48565.png,2
48574.png,2
48633.png,2
48684.png,2
48934.png,2
48992.png,2
49041.png,2
49058.png,2
49077.png,2
49092.png,2
49187.png,2
49204.png,2
49269.png,2
49287.png,2
49303.png,2
49396.png,2
49458.png,2
49627.png,2
49673.png,2
49818.png,2
49898.png,2
50131.png,2
50230.png,2
50259.png,2
50359.png,2
50363.png,2
50467.png,2
50487.png,2
50537.png,2
50742.png,2
50792.png,2
50804.png,2
50983.png,2
50985.png,2
51121.png,2
51360.png,2
51362.png,2
51446.png,2
51469.png,2
51525.png,2
51529.png,2
51606.png,2
51811.png,2
51868.png,2
52012.png,2
52039.png,2
52226.png,2
52283.png,2
52298.png,2
52482.png,2
52561.png,2
52586.png,2
52658.png,2
5271.png,2
52729.png,2
52765.png,2
5278.png,2
52902.png,2
52913.png,2
52950.png,2
52982.png,2
52998.png,2
53029.png,2
53358.png,2
5337.png,2
53391.png,2
53694.png,2
53933.png,2
54035.png,2
54095.png,2
5417.png,2
54218.png,2
54367.png,2
54423.png,2
54468.png,2
54641.png,2
54722.png,2
54726.png,2
54777.png,2
54951.png,2
54960.png,2
55007.png,2
55155.png,2
55197.png,2
55248.png,2
55309.png,2
55486.png,2
55563.png,2
556.png,2
55726.png,2
55732.png,2
55764.png,2
55870.png,2
55908.png,2
55926.png,2
56013.png,2
56052.png,2
56092.png,2
56501.png,2
56518.png,2
56519.png,2
56646.png,2
56762.png,2
56857.png,2
56903.png,2
56932.png,2
56942.png,2
57016.png,2
57025.png,2
5708.png,2
57084.png,2
57087.png,2
57287.png,2
57312.png,2
57316.png,2
57519.png,2
57605.png,2
57620.png,2
57643.png,2
57705.png,2
57743.png,2
57931.png,2
58093.png,2
58298.png,2
58339.png,2
58453.png,2
58843.png,2
58855.png,2
58907.png,2
5891.png,2
59217.png,2
5926.png,2
59287.png,2
59331.png,2
59425.png,2
59435.png,2
5944.png,2
59548.png,2
59583.png,2
59677.png,2
59741.png,2
59774.png,2
59799.png,2
59842.png,2
59854.png,2
59924.png,2
60061.png,2
60080.png,2
60143.png,2
60214.png,2
60279.png,2
60454.png,2
60467.png,2
60479.png,2
60669.png,2
60695.png,2
60751.png,2
60826.png,2
60859.png,2
60879.png,2
60935.png,2
60959.png,2
61012.png,2
61401.png,2
61423.png,2
61472.png,2
61479.png,2
61512.png,2
6172.png,2
61724.png,2
61773.png,2
61855.png,2
61996.png,2
62099.png,2
62144.png,2
62594.png,2
62614.png,2
62622.png,2
62626.png,2
62658.png,2
63153.png,2
63276.png,2
63285.png,2
63330.png,2
6337.png,2
63575.png,2
63645.png,2
63686.png,2
63845.png,2
64025.png,2
64081.png,2
64171.png,2
64300.png,2
64368.png,2
64395.png,2
64529.png,2
64808.png,2
64812.png,2
6482.png,2
64959.png,2
6503.png,2
65301.png,2
65345.png,2
65348.png,2
65372.png,2
65467.png,2
65523.png,2
6565.png,2
65674.png,2
65685.png,2
6578.png,2
65795.png,2
65852.png,2
65969.png,2
66002.png,2
66064.png,2
66084.png,2
66094.png,2
66095.png,2
66284.png,2
66399.png,2
66761.png,2
66798.png,2
66816.png,2
66861.png,2
67058.png,2
67071.png,2
67206.png,2
67343.png,2
67688.png,2
67704.png,2
67779.png,2
68067.png,2
68088.png,2
68119.png,2
68189.png,2
68200.png,2
68252.png,2
68269.png,2
68325.png,2
68331.png,2
68356.png,2
68408.png,2
68431.png,2
68554.png,2
68695.png,2
68751.png,2
68826.png,2
68827.png,2
6886.png,2
68933.png,2
68975.png,2
69001.png,2
69292.png,2
69535.png,2
69542.png,2
69736.png,2
69821.png,2
70109.png,2
7028.png,2
70355.png,2
70560.png,2
70581.png,2
70584.png,2
70647.png,2
70664.png,2
70721.png,2
70853.png,2
70906.png,2
70976.png,2
70996.png,2
71106.png,2
71120.png,2
7125.png,2
71414.png,2
71445.png,2
71617.png,2
71637.png,2
71783.png,2
71829.png,2
7183.png,2
71879.png,2
71914.png,2
72050.png,2
72076.png,2
72162.png,2
72171.png,2
72330.png,2
7240.png,2
72426.png,2
72514.png,2
72591.png,2
72610.png,2
72709.png,2
72747.png,2
7286.png,2
72925.png,2
7296.png,2
73131.png,2
73366.png,2
73440.png,2
73458.png,2
73476.png,2
73573.png,2
73589.png,2
73610.png,2
73625.png,2
7379.png,2
73800.png,2
73805.png,2
7381.png,2
73827.png,2
7385.png,2
7403.png,2
74322.png,2
74601.png,2
74701.png,2
74764.png,2
74841.png,2
74888.png,2
74892.png,2
74994.png,2
75154.png,2
7516.png,2
75180.png,2
75259.png,2
75270.png,2
75531.png,2
756.png,2
75794.png,2
75915.png,2
75977.png,2
75985.png,2
76004.png,2
76143.png,2
76144.png,2
76284.png,2
76334.png,2
76477.png,2
76589.png,2
76885.png,2
76913.png,2
77414.png,2
77698.png,2
77758.png,2
78048.png,2
78092.png,2
78102.png,2
7811.png,2
78127.png,2
78168.png,2
78316.png,2
78462.png,2
78523.png,2
78646.png,2
78999.png,2
7900.png,2
79133.png,2
79204.png,2
79342.png,2
7937.png,2
79617.png,2
79659.png,2
79680.png,2
79824.png,2
7987.png,2
79922.png,2
79961.png,2
80007.png,2
8010.png,2
80277.png,2
80283.png,2
80306.png,2
80517.png,2
80536.png,2
80758.png,2
80932.png,2
80996.png,2
81243.png,2
81669.png,2
81700.png,2
81723.png,2
81765.png,2
81929.png,2
81943.png,2
82001.png,2
82053.png,2
8222.png,2
82253.png,2
82293.png,2
82368.png,2
82439.png,2
82484.png,2
82530.png,2
82536.png,2
8257.png,2
82583.png,2
82608.png,2
82814.png,2
82892.png,2
83224.png,2
83249.png,2
83292.png,2
83300.png,2
83316.png,2
83650.png,2
83764.png,2
83771.png,2
83815.png,2
8389.png,2
83893.png,2
83913.png,2
83959.png,2
84287.png,2
8430.png,2
84311.png,2
8441.png,2
8452.png,2
84551.png,2
84579.png,2
84588.png,2
84634.png,2
84721.png,2
84759.png,2
84920.png,2
84924.png,2
85006.png,2
85025.png,2
85044.png,2
85221.png,2
85371.png,2
85412.png,2
85422.png,2
85435.png,2
85742.png,2
85764.png,2
85912.png,2
86036.png,2
86141.png,2
86168.png,2
86280.png,2
8633.png,2
86735.png,2
86897.png,2
87105.png,2
87185.png,2
87295.png,2
87348.png,2
87551.png,2
87560.png,2
87611.png,2
8810.png,2
8811.png,2
88127.png,2
88203.png,2
88227.png,2
88235.png,2
88331.png,2
88493.png,2
88627.png,2
88678.png,2
8872.png,2
88843.png,2
88914.png,2
88951.png,2
88985.png,2
88996.png,2
8901.png,2
89063.png,2
89087.png,2
8929.png,2
89309.png,2
89360.png,2
89400.png,2
89613.png,2
89649.png,2
898.png,2
89969.png,2
89980.png,2
90024.png,2
90130.png,2
90165.png,2
90286.png,2
90310.png,2
90436.png,2
90642.png,2
90742.png,2
90771.png,2
90787.png,2
9087.png,2
90877.png,2
90902.png,2
90916.png,2
90920.png,2
91048.png,2
91450.png,2
9148.png,2
9158.png,2
91687.png,2
91688.png,2
91743.png,2
91944.png,2
92145.png,2
92396.png,2
92438.png,2
92457.png,2
92534.png,2
92668.png,2
92798.png,2
92980.png,2
93016.png,2
93045.png,2
9316.png,2
93172.png,2
93192.png,2
93213.png,2
93242.png,2
93247.png,2
93324.png,2
93404.png,2
93455.png,2
93553.png,2
93556.png,2
93675.png,2
93676.png,2
93688.png,2
93987.png,2
94133.png,2
94145.png,2
94149.png,2
94228.png,2
94278.png,2
94433.png,2
94457.png,2
94470.png,2
94521.png,2
94523.png,2
94577.png,2
94937.png,2
95076.png,2
95087.png,2
95152.png,2
95242.png,2
95293.png,2
95330.png,2
95389.png,2
95432.png,2
95709.png,2
95734.png,2
95805.png,2
95974.png,2
95993.png,2
96013.png,2
96126.png,2
96160.png,2
96209.png,2
96247.png,2
96423.png,2
96424.png,2
96586.png,2
96743.png,2
96842.png,2
96856.png,2
96977.png,2
9718.png,2
97295.png,2
97369.png,2
97416.png,2
97528.png,2
97624.png,2
97706.png,2
97814.png,2
98046.png,2
98139.png,2
98180.png,2
98217.png,2
98418.png,2
98507.png,2
98579.png,2
98628.png,2
98916.png,2
98943.png,2
99089.png,2
99159.png,2
99209.png,2
99278.png,2
99429.png,2
99495.png,2
10054.png,3
10092.png,3
10134.png,3
10213.png,3
10406.png,3
10440.png,3
10525.png,3
10560.png,3
10643.png,3
10825.png,3
10942.png,3
10955.png,3
10983.png,3
11004.png,3
11189.png,3
11308.png,3
11342.png,3
11392.png,3
11411.png,3
11465.png,3
11499.png,3
11545.png,3
11618.png,3
11816.png,3
11850.png,3
11872.png,3
11889.png,3
12052.png,3
12354.png,3
12385.png,3
12394.png,3
12452.png,3
12552.png,3
12731.png,3
12911.png,3
13050.png,3
13243.png,3
13444.png,3
13666.png,3
13692.png,3
14233.png,3
14305.png,3
1451.png,3
14702.png,3
14783.png,3
14956.png,3
15110.png,3
15128.png,3
15446.png,3
15547.png,3
15554.png,3
15581.png,3
15589.png,3
1563.png,3
15639.png,3
15690.png,3
15777.png,3
15811.png,3
15899.png,3
16050.png,3
161.png,3
16277.png,3
16390.png,3
16413.png,3
16452.png,3
16642.png,3
16724.png,3
16797.png,3
16889.png,3
16895.png,3
16910.png,3
16979.png,3
17055.png,3
17064.png,3
17258.png,3
17440.png,3
17465.png,3
17754.png,3
1802.png,3
18584.png,3
18763.png,3
18833.png,3
18896.png,3
18933.png,3
19117.png,3
19180.png,3
1922.png,3
19223.png,3
19238.png,3
19329.png,3
1933.png,3
19658.png,3
19728.png,3
19771.png,3
1979.png,3
19888.png,3
19911.png,3
20294.png,3
20373.png,3
20452.png,3
2051.png,3
2053.png,3
20556.png,3
20642.png,3
20694.png,3
20804.png,3
20860.png,3
21064.png,3
21077.png,3
2111.png,3
21285.png,3
21780.png,3
2181.png,3
22015.png,3
22144.png,3
22242.png,3
22310.png,3
22327.png,3
2254.png,3
22685.png,3
22917.png,3
23031.png,3
23067.png,3
23160.png,3
2318.png,3
23347.png,3
23528.png,3
2358.png,3
23608.png,3
23620.png,3
23683.png,3
23752.png,3
23772.png,3
2385.png,3
23896.png,3
24010.png,3
24025.png,3
2407.png,3
24085.png,3
2416.png,3
24186.png,3
24393.png,3
2448.png,3
24629.png,3
24784.png,3
24807.png,3
24857.png,3
25040.png,3
25110.png,3
25230.png,3
25302.png,3
25316.png,3
25431.png,3
25432.png,3
25536.png,3
25580.png,3
25678.png,3
25690.png,3
25763.png,3
25764.png,3
25797.png,3
25934.png,3
25937.png,3
26024.png,3
26101.png,3
26210.png,3
26269.png,3
26415.png,3
26452.png,3
26453.png,3
26495.png,3
26564.png,3
2661.png,3
26613.png,3
26643.png,3
26658.png,3
2672.png,3
26906.png,3
26944.png,3
27031.png,3
27177.png,3
2724.png,3
27447.png,3
27457.png,3
27818.png,3
27894.png,3
2804.png,3
28052.png,3
28140.png,3
28167.png,3
28276.png,3
28279.png,3
28317.png,3
28365.png,3
28495.png,3
28532.png,3
28608.png,3
28699.png,3
28788.png,3
28817.png,3
28839.png,3
28856.png,3
28862.png,3
28882.png,3
2895.png,3
28950.png,3
28966.png,3
2912.png,3
29141.png,3
29152.png,3
29255.png,3
29290.png,3
29409.png,3
2944.png,3
29530.png,3
29543.png,3
29686.png,3
29799.png,3
300.png,3
30134.png,3
3017.png,3
30238.png,3
30251.png,3
30484.png,3
30529.png,3
30657.png,3
30658.png,3
30682.png,3
30912.png,3
31064.png,3
31173.png,3
31364.png,3
31450.png,3
31512.png,3
31815.png,3
31936.png,3
31961.png,3
31980.png,3
32043.png,3
32205.png,3
3233.png,3
32359.png,3
32390.png,3
32463.png,3
32544.png,3
32596.png,3
32811.png,3
32992.png,3
33090.png,3
33214.png,3
33253.png,3
33279.png,3
33329.png,3
3344.png,3
33580.png,3
33605.png,3
33617.png,3
33649.png,3
33650.png,3
3366.png,3
33703.png,3
33908.png,3
33911.png,3
34098.png,3
3417.png,3
34394.png,3
34455.png,3
34684.png,3
34837.png,3
35252.png,3
35384.png,3
35387.png,3
35594.png,3
35621.png,3
35833.png,3
35975.png,3
36051.png,3
36244.png,3
36669.png,3
3671.png,3
36744.png,3
36751.png,3
36873.png,3
36939.png,3
36995.png,3
37007.png,3
37058.png,3
37155.png,3
37195.png,3
37318.png,3
37321.png,3
3760.png,3
37719.png,3
37741.png,3
37896.png,3
37929.png,3
37964.png,3
38236.png,3
38285.png,3
38347.png,3
38493.png,3
38676.png,3
38733.png,3
38743.png,3
38836.png,3
38933.png,3
38938.png,3
38948.png,3
38958.png,3
38973.png,3
39026.png,3
39183.png,3
39290.png,3
3965.png,3
39721.png,3
39894.png,3
40021.png,3
40064.png,3
40083.png,3
40133.png,3
40143.png,3
40163.png,3
40169.png,3
40338.png,3
40364.png,3
40427.png,3
40450.png,3
40489.png,3
405.png,3
40583.png,3
40657.png,3
40724.png,3
40766.png,3
40770.png,3
40802.png,3
40884.png,3
40934.png,3
40978.png,3
41117.png,3
41186.png,3
41301.png,3
41438.png,3
41464.png,3
41509.png,3
4156.png,3
41666.png,3
41708.png,3
41829.png,3
41960.png,3
41966.png,3
41979.png,3
42077.png,3
42138.png,3
42248.png,3
42250.png,3
42518.png,3
42606.png,3
42715.png,3
42998.png,3
43056.png,3
43088.png,3
43237.png,3
43270.png,3
43290.png,3
43378.png,3
4377.png,3
43913.png,3
44011.png,3
4408.png,3
44096.png,3
4410.png,3
44167.png,3
44277.png,3
44365.png,3
44431.png,3
44450.png,3
4454.png,3
44547.png,3
44551.png,3
44591.png,3
44641.png,3
44701.png,3
44816.png,3
44831.png,3
44840.png,3
4489.png,3
44918.png,3
4521.png,3
45234.png,3
4533.png,3
45334.png,3
45399.png,3
45402.png,3
45460.png,3
45589.png,3
45708.png,3
45774.png,3
45784.png,3
45825.png,3
45834.png,3
45845.png,3
4585.png,3
45855.png,3
45897.png,3
45973.png,3
46049.png,3
46086.png,3
46172.png,3
46280.png,3
46378.png,3
46509.png,3
46639.png,3
46716.png,3
46785.png,3
46806.png,3
46858.png,3
46869.png,3
4690.png,3
46909.png,3
47003.png,3
47095.png,3
47171.png,3
47445.png,3
47461.png,3
47621.png,3
47728.png,3
47812.png,3
4787.png,3
48122.png,3
48220.png,3
48553.png,3
48646.png,3
48665.png,3
48721.png,3
48762.png,3
48768.png,3
48911.png,3
49214.png,3
49413.png,3
49420.png,3
4956.png,3
49720.png,3
49753.png,3
49838.png,3
49897.png,3
4993.png,3
49960.png,3
5001.png,3
501.png,3
50218.png,3
50348.png,3
50406.png,3
50421.png,3
50455.png,3
50594.png,3
50603.png,3
50693.png,3
50748.png,3
50761.png,3
50896.png,3
51135.png,3
51244.png,3
51325.png,3
51334.png,3
5142.png,3
51643.png,3
51801.png,3
51844.png,3
52316.png,3
52374.png,3
52465.png,3
52775.png,3
52874.png,3
52919.png,3
52940.png,3
53020.png,3
5306.png,3
5308.png,3
53092.png,3
5324.png,3
53442.png,3
53467.png,3
5364.png,3
53920.png,3
53969.png,3
53972.png,3
5401.png,3
54071.png,3
54080.png,3
54091.png,3
54215.png,3
54272.png,3
54334.png,3
54389.png,3
54654.png,3
54703.png,3
54922.png,3
54956.png,3
54981.png,3
55060.png,3
55160.png,3
55385.png,3
55390.png,3
55413.png,3
555.png,3
55507.png,3
5552.png,3
55599.png,3
55880.png,3
55961.png,3
56017.png,3
56279.png,3
56361.png,3
56452.png,3
56453.png,3
56722.png,3
56728.png,3
56767.png,3
56961.png,3
57003.png,3
57093.png,3
57143.png,3
57531.png,3
57629.png,3
57647.png,3
5765.png,3
57863.png,3
57928.png,3
58104.png,3
58131.png,3
58162.png,3
58405.png,3
58469.png,3
58627.png,3
58731.png,3
58747.png,3
58757.png,3
58819.png,3
58821.png,3
58934.png,3
5908.png,3
59184.png,3
59211.png,3
5945.png,3
59647.png,3
59715.png,3
59739.png,3
59948.png,3
6008.png,3
60169.png,3
60218.png,3
60232.png,3
60254.png,3
60360.png,3
60389.png,3
60400.png,3
60417.png,3
60437.png,3
60457.png,3
60520.png,3
60567.png,3
60748.png,3
60783.png,3
60805.png,3
60861.png,3
60865.png,3
6095.png,3
61033.png,3
61088.png,3
61090.png,3
6130.png,3
61365.png,3
61545.png,3
61629.png,3
61647.png,3
61770.png,3
61861.png,3
61956.png,3
62006.png,3
62264.png,3
62450.png,3
62546.png,3
62651.png,3
62817.png,3
62837.png,3
62870.png,3
63024.png,3
63288.png,3
63468.png,3
63615.png,3
63649.png,3
63724.png,3
63754.png,3
64000.png,3
64129.png,3
64183.png,3
64208.png,3
64377.png,3
64468.png,3
6449.png,3
64568.png,3
64743.png,3
64839.png,3
64863.png,3
65080.png,3
65119.png,3
65204.png,3
6521.png,3
65270.png,3
6531.png,3
65352.png,3
6539.png,3
65425.png,3
6554.png,3
65920.png,3
65941.png,3
66327.png,3
66334.png,3
66372.png,3
66393.png,3
66423.png,3
66442.png,3
66732.png,3
66863.png,3
66931.png,3
67010.png,3
67107.png,3
6721.png,3
67254.png,3
67324.png,3
67494.png,3
67646.png,3
677.png,3
67928.png,3
67930.png,3
68027.png,3
68789.png,3
6882.png,3
69253.png,3
69343.png,3
69389.png,3
694.png,3
69469.png,3
69512.png,3
69524.png,3
69623.png,3
69652.png,3
69669.png,3
69819.png,3
69913.png,3
70095.png,3
7037.png,3
70378.png,3
7048.png,3
70549.png,3
70554.png,3
70573.png,3
70773.png,3
70876.png,3
70900.png,3
7102.png,3
71047.png,3
71132.png,3
71367.png,3
71837.png,3
72004.png,3
72028.png,3
72058.png,3
72078.png,3
72108.png,3
72138.png,3
7214.png,3
7216.png,3
72236.png,3
72417.png,3
7271.png,3
72753.png,3
7278.png,3
72822.png,3
73109.png,3
73168.png,3
733.png,3
73334.png,3
73477.png,3
7349.png,3
73577.png,3
7359.png,3
73687.png,3
73728.png,3
73844.png,3
74101.png,3
74104.png,3
74147.png,3
74164.png,3
74240.png,3
74272.png,3
74320.png,3
74339.png,3
74355.png,3
74380.png,3
74392.png,3
74436.png,3
74558.png,3
7463.png,3
74736.png,3
74753.png,3
74763.png,3
74768.png,3
74796.png,3
74862.png,3
74874.png,3
75012.png,3
75037.png,3
75056.png,3
75124.png,3
75244.png,3
75274.png,3
75331.png,3
75390.png,3
7551.png,3
75528.png,3
75679.png,3
76115.png,3
76226.png,3
76283.png,3
76329.png,3
7644.png,3
76457.png,3
7646.png,3
7652.png,3
76525.png,3
76529.png,3
76586.png,3
76656.png,3
76693.png,3
7673.png,3
76730.png,3
76738.png,3
76902.png,3
77109.png,3
77347.png,3
77486.png,3
77585.png,3
77663.png,3
77966.png,3
78291.png,3
7842.png,3
78541.png,3
78585.png,3
78666.png,3
787.png,3
78996.png,3
79135.png,3
79170.png,3
79289.png,3
79317.png,3
79324.png,3
79330.png,3
7942.png,3
79421.png,3
7960.png,3
79625.png,3
79904.png,3
79921.png,3
79939.png,3
8001.png,3
8004.png,3
80040.png,3
80101.png,3
80164.png,3
80359.png,3
80373.png,3
80539.png,3
80606.png,3
80710.png,3
80818.png,3
8085.png,3
80878.png,3
80935.png,3
8115.png,3
81215.png,3
81285.png,3
8150.png,3
81743.png,3
81829.png,3
81832.png,3
81869.png,3
8191.png,3
8197.png,3
82066.png,3
82077.png,3
82145.png,3
82379.png,3
82405.png,3
8243.png,3
82516.png,3
82532.png,3
82574.png,3
83044.png,3
83121.png,3
83153.png,3
83367.png,3
83465.png,3
83651.png,3
83704.png,3
83723.png,3
838.png,3
83802.png,3
83993.png,3
84073.png,3
8411.png,3
84284.png,3
84322.png,3
84400.png,3
84535.png,3
84548.png,3
84665.png,3
84778.png,3
84842.png,3
85061.png,3
85269.png,3
85460.png,3
85504.png,3
8552.png,3
85690.png,3
85716.png,3
85727.png,3
85761.png,3
85806.png,3
85851.png,3
85930.png,3
85932.png,3
85954.png,3
86092.png,3
86143.png,3
86229.png,3
86277.png,3
86342.png,3
86480.png,3
86495.png,3
86506.png,3
86575.png,3
86600.png,3
86617.png,3
86651.png,3
86711.png,3
86856.png,3
86989.png,3
86995.png,3
87037.png,3
87169.png,3
87209.png,3
87243.png,3
87318.png,3
8743.png,3
87440.png,3
87626.png,3
87630.png,3
87967.png,3
88007.png,3
88038.png,3
88099.png,3
8813.png,3
88413.png,3
88569.png,3
88617.png,3
88634.png,3
88640.png,3
88641.png,3
88695.png,3
88717.png,3
88765.png,3
88904.png,3
88926.png,3
89020.png,3
89119.png,3
89305.png,3
89430.png,3
89554.png,3
89584.png,3
8975.png,3
89767.png,3
89804.png,3
89841.png,3
89909.png,3
89998.png,3
90484.png,3
90671.png,3
90798.png,3
90872.png,3
91011.png,3
91207.png,3
9124.png,3
91271.png,3
91316.png,3
91329.png,3
91413.png,3
91444.png,3
91584.png,3
91870.png,3
91986.png,3
92036.png,3
92098.png,3
92167.png,3
92209.png,3
9221.png,3
92229.png,3
92230.png,3
92492.png,3
92524.png,3
92537.png,3
92548.png,3
92574.png,3
92598.png,3
92621.png,3
9271.png,3
92723.png,3
92828.png,3
92919.png,3
92936.png,3
92974.png,3
93129.png,3
93511.png,3
93587.png,3
93640.png,3
93703.png,3
93786.png,3
93826.png,3
94072.png,3
94109.png,3
94168.png,3
94264.png,3
94641.png,3
94651.png,3
94663.png,3
9475.png,3
94769.png,3
94928.png,3
95055.png,3
95084.png,3
95168.png,3
95189.png,3
95251.png,3
95375.png,3
95411.png,3
95425.png,3
95523.png,3
95530.png,3
95618.png,3
95684.png,3
95753.png,3
95819.png,3
95921.png,3
95933.png,3
96024.png,3
96058.png,3
96135.png,3
96449.png,3
96464.png,3
96502.png,3
96551.png,3
96933.png,3
97075.png,3
97221.png,3
9727.png,3
97332.png,3
97470.png,3
9765.png,3
97690.png,3
97729.png,3
97816.png,3
98080.png,3
98093.png,3
98202.png,3
98242.png,3
9827.png,3
98487.png,3
98600.png,3
98602.png,3
98607.png,3
98680.png,3
98696.png,3
98753.png,3
98756.png,3
98766.png,3
9883.png,3
98878.png,3
98890.png,3
98926.png,3
99106.png,3
99183.png,3
99391.png,3
9944.png,3
99483.png,3
99494.png,3
99518.png,3
99572.png,3
99708.png,3
9981.png,3
99926.png,3
10329.png,4
1033.png,4
10396.png,4
10437.png,4
10562.png,4
10586.png,4
10761.png,4
1080.png,4
10818.png,4
1083.png,4
10845.png,4
10881.png,4
11045.png,4
11222.png,4
11347.png,4
11501.png,4
11544.png,4
11653.png,4
11675.png,4
11724.png,4
11904.png,4
11914.png,4
1203.png,4
12058.png,4
12123.png,4
12128.png,4
12129.png,4
12131.png,4
12455.png,4
12457.png,4
1248.png,4
12508.png,4
12534.png,4
12591.png,4
12600.png,4
12670.png,4
12715.png,4
12738.png,4
12825.png,4
12841.png,4
12849.png,4
12895.png,4
12918.png,4
12939.png,4
13044.png,4
1309.png,4
13327.png,4
13367.png,4
13374.png,4
13421.png,4
13659.png,4
13667.png,4
13978.png,4
14001.png,4
14163.png,4
14325.png,4
14477.png,4
14846.png,4
14850.png,4
14979.png,4
15087.png,4
15106.png,4
15233.png,4
15236.png,4
15255.png,4
15304.png,4
15335.png,4
15337.png,4
15439.png,4
15489.png,4
15536.png,4
1579.png,4
15898.png,4
15912.png,4
15929.png,4
15943.png,4
1604.png,4
16145.png,4
16348.png,4
16367.png,4
16658.png,4
16694.png,4
16833.png,4
16911.png,4
16946.png,4
1695.png,4
16993.png,4
1700.png,4
17108.png,4
17114.png,4
1721.png,4
17291.png,4
1747.png,4
17538.png,4
17583.png,4
17811.png,4
17812.png,4
18166.png,4
18307.png,4
18498.png,4
18516.png,4
18689.png,4
18729.png,4
18849.png,4
19060.png,4
19109.png,4
19426.png,4
19524.png,4
19530.png,4
19748.png,4
19768.png,4
19912.png,4
19940.png,4
19995.png,4
20026.png,4
20282.png,4
20510.png,4
20540.png,4
20828.png,4
20867.png,4
20897.png,4
21071.png,4
21139.png,4
21323.png,4
21366.png,4
21561.png,4
2157.png,4
21716.png,4
21850.png,4
21905.png,4
21974.png,4
22123.png,4
22341.png,4
22357.png,4
22371.png,4
22382.png,4
2249.png,4
2269.png,4
22964.png,4
23054.png,4
23268.png,4
2338.png,4
23396.png,4
23473.png,4
23542.png,4
239.png,4
24019.png,4
24090.png,4
24183.png,4
2439.png,4
24412.png,4
245.png,4
24554.png,4
24585.png,4
24616.png,4
24666.png,4
24790.png,4
24910.png,4
24969.png,4
24989.png,4
25014.png,4
2507.png,4
25109.png,4
25128.png,4
25160.png,4
2517.png,4
253.png,4
25545.png,4
25640.png,4
25659.png,4
25769.png,4
26085.png,4
26120.png,4
26198.png,4
26202.png,4
26531.png,4
26547.png,4
26590.png,4
26801.png,4
26821.png,4
26912.png,4
2692.png,4
26964.png,4
2698.png,4
26985.png,4
27029.png,4
27472.png,4
27574.png,4
27597.png,4
27629.png,4
2766.png,4
27672.png,4
27816.png,4
27855.png,4
27866.png,4
27883.png,4
28162.png,4
28213.png,4
28282.png,4
28293.png,4
28418.png,4
28508.png,4
28596.png,4
28602.png,4
28609.png,4
28942.png,4
29120.png,4
29181.png,4
29336.png,4
2934.png,4
29356.png,4
29432.png,4
29490.png,4
29512.png,4
2963.png,4
29659.png,4
297.png,4
29763.png,4
29849.png,4
30104.png,4
30133.png,4
30307.png,4
30397.png,4
30404.png,4
30550.png,4
30659.png,4
30729.png,4
30900.png,4
30918.png,4
31033.png,4
31089.png,4
31120.png,4
31121.png,4
31134.png,4
31166.png,4
31277.png,4
31322.png,4
31324.png,4
31330.png,4
31397.png,4
3146.png,4
31567.png,4
31660.png,4
31669.png,4
3176.png,4
31778.png,4
31809.png,4
31893.png,4
31908.png,4
31919.png,4
31920.png,4
31987.png,4
32108.png,4
32123.png,4
32196.png,4
32209.png,4
32267.png,4
32274.png,4
32288.png,4
32443.png,4
32494.png,4
32630.png,4
32828.png,4
32875.png,4
32923.png,4
33009.png,4
33224.png,4
33238.png,4
33383.png,4
33535.png,4
3355.png,4
33722.png,4
33733.png,4
33768.png,4
33799.png,4
33874.png,4
34072.png,4
34096.png,4
34109.png,4
34183.png,4
34271.png,4
34496.png,4
34545.png,4
34789.png,4
35000.png,4
35099.png,4
35104.png,4
35114.png,4
35119.png,4
35191.png,4
35270.png,4
3530.png,4
35354.png,4
36024.png,4
36033.png,4
36141.png,4
3618.png,4
36259.png,4
36376.png,4
36439.png,4
36472.png,4
36578.png,4
36755.png,4
36835.png,4
36901.png,4
36902.png,4
36967.png,4
37142.png,4
37241.png,4
37305.png,4
37439.png,4
37557.png,4
37570.png,4
37654.png,4
37711.png,4
37791.png,4
37866.png,4
37943.png,4
38043.png,4
3813.png,4
38227.png,4
38239.png,4
38328.png,4
3850.png,4
38508.png,4
38578.png,4
38618.png,4
38633.png,4
38833.png,4
38869.png,4
38934.png,4
38939.png,4
38965.png,4
3907.png,4
39391.png,4
39453.png,4
39525.png,4
39689.png,4
39693.png,4
39718.png,4
39828.png,4
39830.png,4
39839.png,4
39969.png,4
40077.png,4
40080.png,4
40136.png,4
40174.png,4
40255.png,4
40464.png,4
40497.png,4
40646.png,4
40798.png,4
40830.png,4
40984.png,4
4101.png,4
41121.png,4
4116.png,4
41278.png,4
41319.png,4
41327.png,4
41410.png,4
41554.png,4
41659.png,4
41669.png,4
41822.png,4
41907.png,4
42013.png,4
42224.png,4
42426.png,4
42503.png,4
4255.png,4
42581.png,4
42676.png,4
42720.png,4
42784.png,4
42790.png,4
43037.png,4
43085.png,4
43097.png,4
4311.png,4
43123.png,4
43319.png,4
43537.png,4
4358.png,4
43835.png,4
43900.png,4
44162.png,4
44257.png,4
44351.png,4
44356.png,4
44360.png,4
44464.png,4
44525.png,4
44528.png,4
44619.png,4
447.png,4
44854.png,4
44901.png,4
45046.png,4
45048.png,4
4507.png,4
45174.png,4
45366.png,4
45400.png,4
45403.png,4
45503.png,4
45548.png,4
45570.png,4
45585.png,4
45684.png,4
45810.png,4
45936.png,4
46107.png,4
46419.png,4
46434.png,4
46475.png,4
4658.png,4
46715.png,4
46736.png,4
46828.png,4
46949.png,4
47008.png,4
47094.png,4
47120.png,4
47148.png,4
47282.png,4
47318.png,4
47387.png,4
47430.png,4
47518.png,4
47792.png,4
47833.png,4
47912.png,4
4793.png,4
48.png,4
48103.png,4
48256.png,4
4836.png,4
48421.png,4
48450.png,4
48540.png,4
48642.png,4
48677.png,4
48699.png,4
48751.png,4
48758.png,4
49138.png,4
49248.png,4
4928.png,4
4936.png,4
49502.png,4
49772.png,4
49779.png,4
49932.png,4
49938.png,4
50033.png,4
50037.png,4
50060.png,4
50064.png,4
50423.png,4
50462.png,4
50468.png,4
50511.png,4
50655.png,4
50771.png,4
50781.png,4
50856.png,4
51319.png,4
51441.png,4
51484.png,4
51760.png,4
51874.png,4
51899.png,4
51905.png,4
51946.png,4
52241.png,4
52359.png,4
52387.png,4
52622.png,4
52669.png,4
52675.png,4
52690.png,4
52704.png,4
5274.png,4
52804.png,4
52924.png,4
52937.png,4
52951.png,4
52967.png,4
53035.png,4
53044.png,4
5335.png,4
53552.png,4
53675.png,4
5369.png,4
53730.png,4
53779.png,4
54313.png,4
5436.png,4
54623.png,4
54697.png,4
54809.png,4
5484.png,4
54925.png,4
54940.png,4
54975.png,4
55166.png,4
55207.png,4
55247.png,4
55286.png,4
55297.png,4
55453.png,4
55490.png,4
55568.png,4
55643.png,4
55671.png,4
55829.png,4
55912.png,4
56323.png,4
56415.png,4
56458.png,4
56549.png,4
56570.png,4
56795.png,4
56825.png,4
56835.png,4
56853.png,4
56897.png,4
57184.png,4
57195.png,4
57205.png,4
57267.png,4
57347.png,4
57540.png,4
57853.png,4
57959.png,4
5812.png,4
58332.png,4
5838.png,4
58601.png,4
58708.png,4
58763.png,4
58787.png,4
58862.png,4
58940.png,4
59019.png,4
59041.png,4
59111.png,4
59119.png,4
59127.png,4
59145.png,4
5915.png,4
59194.png,4
59266.png,4
59334.png,4
59335.png,4
59344.png,4
59375.png,4
59499.png,4
59556.png,4
5959.png,4
59729.png,4
60013.png,4
60489.png,4
60647.png,4
60996.png,4
61094.png,4
61182.png,4
61279.png,4
61387.png,4
615.png,4
61551.png,4
61584.png,4
61939.png,4
62153.png,4
62225.png,4
62233.png,4
62431.png,4
62552.png,4
62615.png,4
63064.png,4
63102.png,4
63112.png,4
63130.png,4
63178.png,4
63221.png,4
63270.png,4
63397.png,4
63408.png,4
63434.png,4
63445.png,4
63460.png,4
63510.png,4
63569.png,4
63773.png,4
63931.png,4
63987.png,4
64012.png,4
64014.png,4
64026.png,4
6408.png,4
64086.png,4
64089.png,4
64194.png,4
64207.png,4
64564.png,4
64614.png,4
64645.png,4
64888.png,4
65052.png,4
65077.png,4
65154.png,4
65589.png,4
65606.png,4
65624.png,4
65630.png,4
65632.png,4
65660.png,4
65763.png,4
65789.png,4
65805.png,4
65988.png,4
66045.png,4
66096.png,4
66161.png,4
66266.png,4
66272.png,4
6647.png,4
66559.png,4
66760.png,4
66769.png,4
67087.png,4
67269.png,4
67360.png,4
67413.png,4
67436.png,4
6744.png,4
67560.png,4
67642.png,4
67996.png,4
68018.png,4
68147.png,4
68221.png,4
68253.png,4
68323.png,4
68342.png,4
68411.png,4
68570.png,4
68611.png,4
68855.png,4
68863.png,4
68947.png,4
69083.png,4
69132.png,4
69151.png,4
69209.png,4
69384.png,4
69385.png,4
69427.png,4
69452.png,4
6979.png,4
69800.png,4
69863.png,4
70017.png,4
70130.png,4
70229.png,4
70379.png,4
70498.png,4
70540.png,4
70872.png,4
7091.png,4
70914.png,4
70920.png,4
71250.png,4
71499.png,4
71506.png,4
71572.png,4
71602.png,4
71635.png,4
71798.png,4
72119.png,4
72123.png,4
72137.png,4
72181.png,4
72222.png,4
72232.png,4
72251.png,4
72405.png,4
72467.png,4
72592.png,4
72599.png,4
72698.png,4
73009.png,4
73097.png,4
73262.png,4
73534.png,4
73661.png,4
73700.png,4
73704.png,4
7394.png,4
73940.png,4
74290.png,4
74503.png,4
74554.png,4
74658.png,4
74756.png,4
74909.png,4
75068.png,4
75074.png,4
75200.png,4
75245.png,4
75266.png,4
75284.png,4
7533.png,4
7537.png,4
75419.png,4
75732.png,4
75735.png,4
75843.png,4
75933.png,4
76142.png,4
76145.png,4
76353.png,4
76362.png,4
76394.png,4
76414.png,4
76515.png,4
76520.png,4
76587.png,4
76679.png,4
76749.png,4
76890.png,4
76958.png,4
76994.png,4
77253.png,4
77490.png,4
77521.png,4
77531.png,4
77760.png,4
77761.png,4
77855.png,4
78239.png,4
78293.png,4
78304.png,4
78345.png,4
78467.png,4
78596.png,4
786.png,4
78621.png,4
7870.png,4
78718.png,4
78800.png,4
78898.png,4
78912.png,4
78916.png,4
79051.png,4
79334.png,4
79501.png,4
79640.png,4
7967.png,4
797.png,4
79718.png,4
79758.png,4
79884.png,4
799.png,4
79914.png,4
79927.png,4
80115.png,4
80181.png,4
80269.png,4
80426.png,4
80437.png,4
80474.png,4
80573.png,4
80580.png,4
80617.png,4
80827.png,4
80964.png,4
80974.png,4
80998.png,4
81263.png,4
81411.png,4
81458.png,4
81579.png,4
81608.png,4
81616.png,4
81703.png,4
81725.png,4
81754.png,4
81788.png,4
81974.png,4
81976.png,4
82062.png,4
82089.png,4
82192.png,4
82262.png,4
82458.png,4
82473.png,4
82519.png,4
82562.png,4
82672.png,4
82683.png,4
82851.png,4
83157.png,4
83672.png,4
83761.png,4
83827.png,4
83927.png,4
83966.png,4
84190.png,4
8425.png,4
84273.png,4
84352.png,4
84369.png,4
84377.png,4
84384.png,4
84447.png,4
84450.png,4
84456.png,4
84522.png,4
84580.png,4
84590.png,4
84635.png,4
84660.png,4
84706.png,4
84860.png,4
8497.png,4
84996.png,4
85005.png,4
85067.png,4
85098.png,4
85297.png,4
85442.png,4
85452.png,4
85457.png,4
85625.png,4
85844.png,4
85863.png,4
85975.png,4
86060.png,4
86061.png,4
86077.png,4
86090.png,4
86114.png,4
86269.png,4
86588.png,4
86758.png,4
86981.png,4
87041.png,4
87326.png,4
87333.png,4
87471.png,4
87534.png,4
87552.png,4
87558.png,4
87588.png,4
87947.png,4
87981.png,4
88248.png,4
88365.png,4
88581.png,4
88591.png,4
88601.png,4
88697.png,4
88770.png,4
88812.png,4
8895.png,4
89227.png,4
89237.png,4
89288.png,4
89355.png,4
89376.png,4
8947.png,4
89498.png,4
89524.png,4
89535.png,4
89624.png,4
8964.png,4
89641.png,4
89845.png,4
89965.png,4
90134.png,4
90188.png,4
90285.png,4
90356.png,4
90378.png,4
90399.png,4
90516.png,4
90597.png,4
90651.png,4
90683.png,4
90726.png,4
90731.png,4
90807.png,4
90939.png,4
90976.png,4
90986.png,4
91077.png,4
91225.png,4
91227.png,4
91507.png,4
91549.png,4
91621.png,4
91788.png,4
91830.png,4
9187.png,4
92079.png,4
9209.png,4
92147.png,4
92148.png,4
92199.png,4
92270.png,4
92276.png,4
92478.png,4
92575.png,4
92650.png,4
92755.png,4
92803.png,4
92933.png,4
9299.png,4
93044.png,4
93176.png,4
93260.png,4
93497.png,4
93561.png,4
936.png,4
93630.png,4
93771.png,4
93861.png,4
93866.png,4
94031.png,4
94134.png,4
94146.png,4
94263.png,4
94284.png,4
94369.png,4
94617.png,4
94710.png,4
94870.png,4
94953.png,4
95092.png,4
95314.png,4
95652.png,4
95674.png,4
95693.png,4
95697.png,4
95726.png,4
95811.png,4
95844.png,4
95959.png,4
95989.png,4
95999.png,4
96100.png,4
9638.png,4
96411.png,4
96443.png,4
96478.png,4
96543.png,4
96648.png,4
96775.png,4
97008.png,4
97104.png,4
97143.png,4
97222.png,4
97431.png,4
97508.png,4
97784.png,4
97827.png,4
97874.png,4
9806.png,4
98089.png,4
98120.png,4
98179.png,4
98255.png,4
98276.png,4
98412.png,4
98458.png,4
98627.png,4
987.png,4
98814.png,4
98884.png,4
98998.png,4
9901.png,4
99023.png,4
99062.png,4
9909.png,4
99145.png,4
992.png,4
99216.png,4
99267.png,4
99555.png,4
99565.png,4
99567.png,4
9957.png,4
9972.png,4
99742.png,4
99900.png,4
9992.png,4
99991.png,4
0000737726.jpg,5
0000881407.jpg,5
0000895405.jpg,5
0000904288.jpg,5
0000941202.jpg,5
0000942570.jpg,5
0000946564.jpg,5
0000947429.jpg,5
0000949033.jpg,5
0000952288.jpg,5
0000958690.jpg,5
0000959952.jpg,5
0000959978.jpg,5
0000960334.jpg,5
0000974872.jpg,5
0000975053.jpg,5
0000975076.jpg,5
0000980862.jpg,5
0000983329.jpg,5
0000983840.jpg,5
0000983848.jpg,5
0000983868.jpg,5
0000983890.jpg,5
0000983973.jpg,5
0000985687.jpg,5
0000985747.jpg,5
0000989472.jpg,5
0000992128.jpg,5
0001001908.jpg,5
0001023215.jpg,5
0001023288.jpg,5
0001023606.jpg,5
0001030853.jpg,5
0001050217.jpg,5
0001060646.jpg,5
0001141764.jpg,5
0001152495.jpg,5
0001159386.jpg,5
0001163461.jpg,5
0001166555.jpg,5
0001174448.jpg,5
0001175091.jpg,5
0001175613.jpg,5
0001178142.jpg,5
0001181633.jpg,5
0001191048.jpg,5
0001202526.jpg,5
0001210869.jpg,5
0001211409.jpg,5
0001218545.jpg,5
0001220318.jpg,5
0001223123.jpg,5
0001225257.jpg,5
0001227545.jpg,5
0001231435.jpg,5
0001236161.jpg,5
0001239214.jpg,5
0001240342.jpg,5
0001250475.jpg,5
0001250907.jpg,5
0001251746.jpg,5
0001251903.jpg,5
0001252698.jpg,5
0001252770.jpg,5
0001252907.jpg,5
0001253009.jpg,5
0001253101.jpg,5
0001253337.jpg,5
0001253411.jpg,5
0001253488.jpg,5
0001253503.jpg,5
0001253532.jpg,5
0001253586.jpg,5
0001253615.jpg,5
0001253651.jpg,5
0001253767.jpg,5
0001254177.jpg,5
0001255588.jpg,5
0001255839.jpg,5
0001377653.jpg,5
0001431558.jpg,5
0001434113.jpg,5
0001435706.jpg,5
0001435707.jpg,5
0001435740.jpg,5
0001438175.jpg,5
0001438176.jpg,5
0001438305.jpg,5
0001438607.jpg,5
0001443296.jpg,5
0001447623.jpg,5
0001448655.jpg,5
0001452970.jpg,5
0001481405.jpg,5
0001481423.jpg,5
0001481425.jpg,5
0001481459.jpg,5
0001484072.jpg,5
0011567512.jpg,5
0011567581.jpg,5
0011569501.jpg,5
0011652632.jpg,5
0011653290.jpg,5
0011655491.jpg,5
0011835878.jpg,5
0011835902.jpg,5
0011837064.jpg,5
0011837079.jpg,5
0011838877.jpg,5
0011840135.jpg,5
0011840384.jpg,5
0011840725.jpg,5
0011841727.jpg,5
0011844931.jpg,5
0011844938.jpg,5
0011898533.jpg,5
0011900509.jpg,5
0011901961.jpg,5
0011902498.jpg,5
0011911329.jpg,5
0011925683.jpg,5
0011929386.jpg,5
0011973017.jpg,5
0011975903.jpg,5
0011977902.jpg,5
0011979130.jpg,5
0011983673.jpg,5
0011986238.jpg,5
0011986925.jpg,5
0011987979.jpg,5
0012178802.jpg,5
0012180697.jpg,5
0012181835.jpg,5
0012195319.jpg,5
0012203499.jpg,5
0012203535.jpg,5
0012203566.jpg,5
0012285572.jpg,5
0012286125.jpg,5
0012946266.jpg,5
0012946376.jpg,5
0012972322.jpg,5
0012972387.jpg,5
0013005840.jpg,5
0013006018.jpg,5
0013006278.jpg,5
0013006284.jpg,5
0013006293.jpg,5
0013006303.jpg,5
0013006648.jpg,5
0013006843.jpg,5
0013007254.jpg,5
0013042397.jpg,5
0013163649.jpg,5
0013230994.jpg,5
0060021158.jpg,5
0060028964.jpg,5
0060030519.jpg,5
0060046730.jpg,5
0060048140.jpg,5
0060048191.jpg,5
0060050774.jpg,5
0060050780.jpg,5
0060051234.jpg,5
0060058915.jpg,5
0060061388.jpg,5
0060061393.jpg,5
0060064420.jpg,5
0060065574.jpg,5
0060065580.jpg,5
0060069214.jpg,5
0060070340.jpg,5
0060081009.jpg,5
0060081849.jpg,5
0060082411.jpg,5
0060082729.jpg,5
0060083122.jpg,5
0060094499.jpg,5
0060117891.jpg,5
0060122145.jpg,5
0060144693.jpg,5
0060147190.jpg,5
0060152035.jpg,5
0060158585.jpg,5
0060160453.jpg,5
0060160462.jpg,5
0060166802.jpg,5
0060171306.jpg,5
0060183889.jpg,5
0060191302.jpg,5
0060191307.jpg,5
0060199008.jpg,5
0060205253.jpg,5
0060209237.jpg,5
0060211544.jpg,5
0060215247.jpg,5
0060215446.jpg,5
0060217768.jpg,5
0060221022.jpg,5
0060240905.jpg,5
0060244833.jpg,5
0060247455.jpg,5
0060251570.jpg,5
0060265144.jpg,5
0060265865.jpg,5
0060266630.jpg,5
0060268096.jpg,5
0060268507.jpg,5
0060269165.jpg,5
0060272110.jpg,5
0060272898.jpg,5
0060275848.jpg,5
0060286512.jpg,5
0060287108.jpg,5
0060287342.jpg,5
0060287484.jpg,5
0060304832.jpg,5
0060304847.jpg,5
0060305634.jpg,5
0060308437.jpg,5
0060314146.jpg,5
0060319862.jpg,5
0060331882.jpg,5
0060345324.jpg,5
0060351639.jpg,5
0060351802.jpg,5
0060358278.jpg,5
0060361134.jpg,5
0060366158.jpg,5
0071007430.jpg,5
0071014547.jpg,5
0071034244.jpg,5
0071035671.jpg,5
0071040958.jpg,5
0071065703.jpg,5
01252856_01252868.jpg,5
01258079_8082.jpg,5
01424199_01424215.jpg,5
02000414.jpg,5
02001493_02001494.jpg,5
02001501.jpg,5
03016919.jpg,5
03021238_03021239.jpg,5
03070793_0839.jpg,5
03530642.jpg,5
03545211_5232.jpg,5
03554424.jpg,5
03595560_03595587.jpg,5
03602340.jpg,5
03609717_03609723.jpg,5
03613832_3838.jpg,5
03624432_03624438.jpg,5
03739262.jpg,5
03745143_03745146.jpg,5
03768939_03768940.jpg,5
04100488.jpg,5
04160080_04160102.jpg,5
04303697_3739.jpg,5
04331462_04331478.jpg,5
05003251_05003257.jpg,5
1000026186_1000026187.jpg,5
1000118145_1000118160.jpg,5
1000206459_1000206460.jpg,5
1000211815_1000211818.jpg,5
1000214797_1000214814.jpg,5
1000218151_1000218154.jpg,5
1000218984_1000218991.jpg,5
1000271718_1000271719.jpg,5
1000273587_1000273602.jpg,5
1000273673_1000273680.jpg,5
1000276037_1000276048.jpg,5
1000276800_1000276813.jpg,5
1000277009_1000277014.jpg,5
1000825047.jpg,5
1001817070_1001817074.jpg,5
1001839259_9268.jpg,5
1001877698_1001877710.jpg,5
1002333609_1002333614.jpg,5
1002410628_1002410637.jpg,5
1002608369.jpg,5
1002615796_1002615800.jpg,5
1002620127_1002620130.jpg,5
1002905537.jpg,5
1002975868.jpg,5
1003041481.jpg,5
1003057655_1003057658.jpg,5
1003068941_1003068952.jpg,5
1003071668.jpg,5
1003156080_1003156101.jpg,5
1003294218_1003294226.jpg,5
1003365277.jpg,5
1003370483_1003370489.jpg,5
1004862993.jpg,5
1005011181_1005011202.jpg,5
1005037020.jpg,5
1005038447.jpg,5
1005049541_1005049547.jpg,5
1005086337_1005086351.jpg,5
1005087935_1005087942.jpg,5
1005091269.jpg,5
1005091914.jpg,5
1005102323_1005102326.jpg,5
1005103556.jpg,5
1005110132.jpg,5
1005113158_1005113161.jpg,5
1005125226_1005125251.jpg,5
1005128346.jpg,5
1005134923_1005134941.jpg,5
1005137263.jpg,5
11008575_11008577.jpg,5
11300278-0311.jpg,5
18002026_18002037.jpg,5
2001222353.jpg,5
2001227112_2001227130.jpg,5
2001245291.jpg,5
2001250402.jpg,5
2001283408_2001283471.jpg,5
2010011603_2010011621.jpg,5
2010015360_2010015365.jpg,5
2010015977.jpg,5
2010016070_2010016072.jpg,5
2010026059_2010026061.jpg,5
2010026097_2010026098.jpg,5
2010035494_2010035496.jpg,5
2010035891_2010035892.jpg,5
2010060632_2010060639.jpg,5
2010064582_2010064595.jpg,5
2010065578_2010065592.jpg,5
2012580103_2012580112.jpg,5
2012610279.jpg,5
2015000507_2015000508.jpg,5
2015011934_2015011950.jpg,5
2015021431.jpg,5
2015021535_2015021540.jpg,5
2015023544_2015023555.jpg,5
2015023816_2015023818.jpg,5
2015023937.jpg,5
2015039185.jpg,5
2015039246.jpg,5
2015039440.jpg,5
2015040559.jpg,5
2015044407_2015044409.jpg,5
2015044874_2015044879.jpg,5
2015045067_2015045078.jpg,5
2015053109.jpg,5
2015053175_2015053182.jpg,5
2015055018_2015055022.jpg,5
2015055023_2015055026.jpg,5
2015069140_2015069150.jpg,5
2016000217_2016000218.jpg,5
2016000508_2016000516.jpg,5
2016003641_2016003642.jpg,5
2016003733_2016003734.jpg,5
2016004023.jpg,5
2020114404_2020114415.jpg,5
2020132099_2020132100.jpg,5
2020154548.jpg,5
2020237806_2020237830.jpg,5
2020266739_6756.jpg,5
2020290199.jpg,5
2020290425_2020290442.jpg,5
2020372441_2020372462.jpg,5
2021114037.jpg,5
2021118597_2021118606.jpg,5
2021152723_2021152771.jpg,5
2021162397_2021162398.jpg,5
2021172591_2021172594.jpg,5
2021174728.jpg,5
2021194359.jpg,5
2021194581_2021194619.jpg,5
2021197666_2021197677.jpg,5
2021198205.jpg,5
2021251904_2021251906.jpg,5
2021272519_2021272540.jpg,5
2021274625_2021274627.jpg,5
2021275219_2021275244.jpg,5
2021275257_2021275285.jpg,5
2021278375_2021278386.jpg,5
2021279967_2021279980.jpg,5
2021287141_2021287142.jpg,5
2021308540.jpg,5
2021308890_2021308956.jpg,5
2021321741.jpg,5
2021321871_2021321900.jpg,5
2021322739_2743.jpg,5
2021329366_2021329371.jpg,5
2021341319_2021341351.jpg,5
2021344090_2021344136.jpg,5
2021347323_2021347581.jpg,5
2021359610_2021359678.jpg,5
2021370195_2021370222.jpg,5
2021400557_0577.jpg,5
2021506158.jpg,5
2021506552_2021506565.jpg,5
2021506603_2021506618.jpg,5
2021507610.jpg,5
2021520896_2021521043.jpg,5
2021549123.jpg,5
2021550483_2021550485.jpg,5
2021554408.jpg,5
2021559706.jpg,5
2021566518_6521.jpg,5
2021568356_2021568366.jpg,5
2021598515.jpg,5
2021601959.jpg,5
2021604081.jpg,5
2021645333_2021645351.jpg,5
2021645360_2021645367.jpg,5
2021654200_2021654202.jpg,5
2022208535_2022208537.jpg,5
2022210034_2022210086.jpg,5
2022213966.jpg,5
2022221352.jpg,5
2022810970_2022810977.jpg,5
2022820659_2022820682.jpg,5
2022821732_2022821744.jpg,5
2022822921_2022822930.jpg,5
2022823947_2022823960.jpg,5
2022825313_5333.jpg,5
2022829311_2022829320.jpg,5
2022830389_2022830408.jpg,5
2022830720.jpg,5
2022831098_2022831120.jpg,5
2022831579_2022831587.jpg,5
2022831712_2022831717.jpg,5
2022832145_2022832152.jpg,5
2022832288_2022832302.jpg,5
2022832783_2022832807.jpg,5
2022836259_2022836261.jpg,5
2022836262_2022836264.jpg,5
2022838986_2022838987.jpg,5
2022842335_2022842339.jpg,5
2022880295_2022880306.jpg,5
2022880502_2022880503.jpg,5
2022882120_2022882128.jpg,5
2022886070.jpg,5
2022886183_2022886186.jpg,5
2022886231.jpg,5
2022943232.jpg,5
2022984471_2022984472.jpg,5
2022986413_2022986428.jpg,5
2022987723_2022987733.jpg,5
2023039209_2023039253.jpg,5
2023045018.jpg,5
2023050559_2023050567.jpg,5
2023050568_2023050583.jpg,5
2023106331_2023106341.jpg,5
2023117556.jpg,5
2023134859.jpg,5
2023148958_2023148972.jpg,5
2023158974_2023158983.jpg,5
2023163229_2023163244.jpg,5
2023166004_2023166009.jpg,5
2023171818_1821.jpg,5
2023185230.jpg,5
2023185919_2023185924.jpg,5
2023216160_2023216161.jpg,5
2023232610_2023232671.jpg,5
2023269088.jpg,5
2023270351.jpg,5
2023270652.jpg,5
2023271354.jpg,5
2023283690_2023283692.jpg,5
2023331360_2023331426.jpg,5
2023331716_2023331725.jpg,5
2023339154_2023339161.jpg,5
2023347365_2023347369.jpg,5
2023349112_2023349120.jpg,5
2023355884_2023355896.jpg,5
2023374143_2023374145.jpg,5
2023387124.jpg,5
2023396702.jpg,5
2023414380_2023414506.jpg,5
2023434413_4417.jpg,5
2023529532.jpg,5
2023539123_2023539141.jpg,5
2023540915_2023540916.jpg,5
2023602855_2023602871.jpg,5
2023603199.jpg,5
2023608582_8612.jpg,5
2023609490_2023609530.jpg,5
2023615821_2023615823.jpg,5
2023652195_2023652196.jpg,5
2023659555_2023659570.jpg,5
2023672507.jpg,5
2023679825.jpg,5
2023722135.jpg,5
2023738892.jpg,5
2023741642_2023741678.jpg,5
2023768343_2023768359.jpg,5
2023769475_2023769477.jpg,5
2023773436_2023773437.jpg,5
2023776356_2023776390.jpg,5
2023787161_2023787168.jpg,5
2023895035.jpg,5
2023920151_2023920164.jpg,5
2023921471_2023921472.jpg,5
2023923049_2023923054.jpg,5
2023957059_2023957083.jpg,5
2023965817_2023965818.jpg,5
2023993653_2023993703.jpg,5
2024008012_2024008056.jpg,5
2024016948_2024016970.jpg,5
2024023150_2024023153.jpg,5
2024068741_2024068753.jpg,5
2024068871_8885.jpg,5
2024098900_2024098907.jpg,5
2024098998_2024099020.jpg,5
2024153668_2024153699.jpg,5
2024186197.jpg,5
2024202401_2024202402.jpg,5
2024224328_2024224330.jpg,5
2024224913_2024224914.jpg,5
2024252017_2024252018.jpg,5
2024252158.jpg,5
2024257586.jpg,5
2024257590_2024257591.jpg,5
2024257735_2024257736.jpg,5
2024260743_2024260746.jpg,5
2024270090_2024270092.jpg,5
2024270096_2024270098.jpg,5
2024297567_2024297577.jpg,5
2024409566.jpg,5
2024471129.jpg,5
2024485471_2024485478.jpg,5
2024488952_2024488960.jpg,5
2024549278_2024549289.jpg,5
2024549622_2024549639.jpg,5
2024550401_2024550423.jpg,5
2024550928_2024550939.jpg,5
2024563241_2024563252.jpg,5
2024699121_2024699187.jpg,5
2024744134.jpg,5
2024774591_2024774611.jpg,5
2024839590_9600.jpg,5
2024843504_2024843580.jpg,5
2024844305.jpg,5
2024847439_2024847444.jpg,5
2024847516_2024847541.jpg,5
2024919520_2024919522.jpg,5
2024937890_2024937891.jpg,5
2024956733_2024956734.jpg,5
2024967500_2024967516.jpg,5
2024972705_2024972710.jpg,5
2024976440.jpg,5
2024980577_2024980580.jpg,5
2024981117_2024981122.jpg,5
2025016084_2025016085.jpg,5
2025016613.jpg,5
2025027623.jpg,5
2025045533.jpg,5
2025331912_2025331925.jpg,5
2025417823_2025417841.jpg,5
2025440217_2025440218.jpg,5
2025448573_8597.jpg,5
2025448669_8673.jpg,5
2025478993_2025479004.jpg,5
2025497090_2025497101.jpg,5
2025497103_2025497120.jpg,5
2025534799.jpg,5
2025557549.jpg,5
2025558140_2025558144.jpg,5
2025601573.jpg,5
2025773546_2025773548.jpg,5
2025795966_5979.jpg,5
2025796073_6074.jpg,5
2025817440.jpg,5
2025818958_8961.jpg,5
2025825898.jpg,5
2025850030_2025850058.jpg,5
2025850164_2025850165.jpg,5
2025850510_2025850512.jpg,5
2025851130.jpg,5
2025853402_2025853403.jpg,5
2025861901_2025861902.jpg,5
2025876398_2025876424.jpg,5
2025877528.jpg,5
2025883393_3394.jpg,5
2025884229_4231.jpg,5
2025888028_2025888031.jpg,5
2025890266_2025890268.jpg,5
2025986924_2025986928.jpg,5
2025989014_2025989054.jpg,5
2026087379_2026087380.jpg,5
2026169349_2026169350.jpg,5
2026195453_5460.jpg,5
2026195543_2026195565.jpg,5
2026207114_2026207133.jpg,5
2026207224_2026207242.jpg,5
2026210699_2026210724.jpg,5
2026210954_2026210961.jpg,5
2026226884_2026226900.jpg,5
2026232584.jpg,5
2026310443.jpg,5
2028346237_6258.jpg,5
2028380230_2028380232.jpg,5
2028426463.jpg,5
2028428143_2028428144.jpg,5
2028445105_2028445121.jpg,5
2028475237_2028475240.jpg,5
2028680930_2028680931.jpg,5
2028713012_2028713048.jpg,5
2028815196_2028815207.jpg,5
2028818454_2028818503.jpg,5
2028818604.jpg,5
2028820489.jpg,5
2028878759_8775.jpg,5
2028888632_2028888640.jpg,5
2028892558_2578.jpg,5
2028896688.jpg,5
2028897673.jpg,5
2028898078_2028898095.jpg,5
2028898435_2028898461.jpg,5
2028917653.jpg,5
2028941170_1188.jpg,5
2028967262_2028967268.jpg,5
2028971373_2028971377.jpg,5
2028971495_2028971497.jpg,5
2028978652_8658.jpg,5
2028987355_2028987357.jpg,5
2028992724_2028992730.jpg,5
2029004968_2029004970.jpg,5
2029005144_2029005158.jpg,5
2029005229.jpg,5
2029006613_2029006628.jpg,5
2029006709_2029006734.jpg,5
2029007055_2029007061.jpg,5
2029014580_2029014612.jpg,5
2029022108.jpg,5
2029036934.jpg,5
2029037051.jpg,5
2029052958_2029052959.jpg,5
2029053737_2029053742.jpg,5
2029065322_2029065335.jpg,5
2029066290_2029066298.jpg,5
2029067222_2029067241.jpg,5
2029081710_2029081726.jpg,5
2029082497_2500.jpg,5
2029087587_2029087601.jpg,5
2029096642.jpg,5
2029108771_8817.jpg,5
2029129852_2029129869.jpg,5
2029129870.jpg,5
2029129885.jpg,5
2029141868_2029141887.jpg,5
2029142152.jpg,5
2029145672_2029145685.jpg,5
2029145700.jpg,5
2029151449.jpg,5
2029159756_9763.jpg,5
2029164129_2029164146.jpg,5
2029168308.jpg,5
2029168597_2029168619.jpg,5
2029168817.jpg,5
2029169670_2029169687.jpg,5
2029176094_6096.jpg,5
2029189084.jpg,5
2029196215_2029196220.jpg,5
2029220583.jpg,5
2029226076.jpg,5
2029230553.jpg,5
2029231936_1942.jpg,5
2029232003_2004.jpg,5
2029238384_8385.jpg,5
2029238617_2029238630.jpg,5
2029249917.jpg,5
2029400041_0044.jpg,5
2030085580_2030085597.jpg,5
2030091982.jpg,5
2030131006.jpg,5
2030164859_2030164874.jpg,5
2030176348_2030176351.jpg,5
2030179845.jpg,5
2030340104.jpg,5
2030340364_2030340375.jpg,5
2030340433_2030340449.jpg,5
2030512838_2030512850.jpg,5
2030588021_2030588022.jpg,5
2030705975_2030705984.jpg,5
2030707460_2030707468.jpg,5
2030724453_2030724460.jpg,5
2030806755_2030806759.jpg,5
2031046039.jpg,5
2031048080_2031048138.jpg,5
2031216699_2031216710.jpg,5
2031502055_2031502065.jpg,5
2031608979_2031609018.jpg,5
2031610831_2031610842.jpg,5
2031620250.jpg,5
2037018584_2037018643.jpg,5
2037018644.jpg,5
2040000045_0046.jpg,5
2040118601_8603.jpg,5
2040218669.jpg,5
2040242105_2040242116.jpg,5
2040322241_2040322264.jpg,5
2040742530_2040742574.jpg,5
2040744258.jpg,5
2040752208_2040752281.jpg,5
2040790972_2040791001.jpg,5
2040854058_4061.jpg,5
2040989243.jpg,5
2040989262.jpg,5
2041007708-a_2041007708.jpg,5
2041010578_2041010586.jpg,5
24004780_24004788.jpg,5
24011652_24011663.jpg,5
44007182.jpg,5
70047182-70047228.jpg,5
80301185.jpg,5
80301195.jpg,5
80301908_1910.jpg,5
80301951_1972.jpg,5
80308250_8282.jpg,5
80317928_7951.jpg,5
81182673_81182699.jpg,5
81186180_81186203.jpg,5
81250269_0312.jpg,5
81618392_8423.jpg,5
81640152_0158.jpg,5
81762540_2543.jpg,5
81768117_8124.jpg,5
81857955_7957.jpg,5
81863829.jpg,5
81865729_5731.jpg,5
81869249_9250.jpg,5
81872850_2852.jpg,5
81872871_2873.jpg,5
81885671_5673.jpg,5
81885996_5998.jpg,5
81886055_6057.jpg,5
81887170_7172.jpg,5
82085279_5298.jpg,5
82096680.jpg,5
82100658_0694.jpg,5
82184628_4661.jpg,5
82202123_2129.jpg,5
82203060_3075.jpg,5
82206598_6616.jpg,5
82206671_6688.jpg,5
82223916_3930.jpg,5
82256686_6713.jpg,5
82262848_2864.jpg,5
82286147_6149.jpg,5
82341212.jpg,5
82416211_6235.jpg,5
82457768.jpg,5
82495055_5075.jpg,5
82562624_2629.jpg,5
82579035.jpg,5
82581213_1214.jpg,5
82607329_7428.jpg,5
82794207_4208.jpg,5
82798709_8742.jpg,5
82893768_3781.jpg,5
83235184_5185.jpg,5
83255011.jpg,5
83259212_9224.jpg,5
83316514_6515.jpg,5
83443704.jpg,5
83469798_9799.jpg,5
83513344_3405.jpg,5
83594947_4954.jpg,5
83619326_9327.jpg,5
83635893.jpg,5
83635915.jpg,5
83641461.jpg,5
83671011_1026.jpg,5
83742841_2844.jpg,5
83824576a_4577.jpg,5
83870726_0767.jpg,5
83925501.jpg,5
83993803_3806.jpg,5
85087568_85087581.jpg,5
85146752.jpg,5
85172402_85172441.jpg,5
85173498_85173515.jpg,5
85173522.jpg,5
85190815_85190816.jpg,5
85541154_1155.jpg,5
85541224_1226.jpg,5
85541498_1500.jpg,5
85620876_0877.jpg,5
85646280_85646286.jpg,5
85664675_4680.jpg,5
85672402_2417.jpg,5
85708717_85708719.jpg,5
85872395_85872396.jpg,5
85872433_85872436.jpg,5
86023989.jpg,5
86082712_2743.jpg,5
86117207_7233.jpg,5
86144355_4381.jpg,5
86149837_9904.jpg,5
86174369_4373.jpg,5
86183945_3998.jpg,5
86188252_8262.jpg,5
86200036_0053.jpg,5
86201966_2004.jpg,5
86202373_2391.jpg,5
86202917_2950.jpg,5
86212316_2503.jpg,5
86223642_3655.jpg,5
86236581_6588.jpg,5
86237297_7310.jpg,5
86237311_7317.jpg,5
86247300_7310.jpg,5
86254630_4636.jpg,5
86264246.jpg,5
86373391_3392.jpg,5
86381880_1881.jpg,5
86384637_4664.jpg,5
86404069_4176.jpg,5
86478361_8397.jpg,5
86480197_0217.jpg,5
86539898_9928.jpg,5
86570040_0044.jpg,5
86583417_3418.jpg,5
86583979.jpg,5
86584725_4728.jpg,5
86584791_4794.jpg,5
86588577.jpg,5
86609056.jpg,5
86618143_8152.jpg,5
86657084.jpg,5
87001075_87001084.jpg,5
87001129.jpg,5
87215075_87215111.jpg,5
87215768_87215795.jpg,5
87223654_3662.jpg,5
87301365-b_87301397.jpg,5
87311944.jpg,5
87327896_87327905.jpg,5
87528621_87528631.jpg,5
87610710_87610714.jpg,5
87645941_87645944.jpg,5
87647308_87647310.jpg,5
87649013_87649014.jpg,5
87649015_87649016.jpg,5
87679856.jpg,5
87688642_87688644.jpg,5
87698349_8350.jpg,5
87705276-a.jpg,5
87752242_2243.jpg,5
87761314_87761315.jpg,5
87871865_1868.jpg,5
87913709_3724.jpg,5
87919618_9621.jpg,5
88029248.jpg,5
88113576_3577.jpg,5
88315610_5634.jpg,5
88329419_9441.jpg,5
88363715_3741.jpg,5
88503095_3132.jpg,5
88507285_88507297.jpg,5
88902149_2154.jpg,5
89093746_3749.jpg,5
89278892.jpg,5
89281971_89281973.jpg,5
89282241_89282242.jpg,5
89310948_0954.jpg,5
89313458_3461.jpg,5
89911640-a_89911648.jpg,5
91006256_6266.jpg,5
91059723_91059724.jpg,5
91059738_91059739.jpg,5
91095133.jpg,5
91271611.jpg,5
91315211_5249.jpg,5
91341781_1799.jpg,5
91351188_1212.jpg,5
91523763_91523764.jpg,5
91627664_91627698.jpg,5
91629588_91629608.jpg,5
91634580_91634589.jpg,5
91708248_91708280.jpg,5
91726296_6300.jpg,5
91735520.jpg,5
91762755.jpg,5
91789074_9075.jpg,5
91799965_9966.jpg,5
91817378_7380.jpg,5
91820567_91820568.jpg,5
91826487.jpg,5
91842880.jpg,5
91860042_0054.jpg,5
91928667_8681.jpg,5
91934477_4495.jpg,5
91983998_91984108.jpg,5
91989496_91989538.jpg,5
91989677_91989726.jpg,5
92005326_5352.jpg,5
92031414.jpg,5
92035657.jpg,5
92065638.jpg,5
92066068.jpg,5
92076448_6480.jpg,5
92078039_8059.jpg,5
92078191.jpg,5
92087296_92087301.jpg,5
92092332_2342.jpg,5
92116754.jpg,5
92122156.jpg,5
92122201.jpg,5
92122383_2425.jpg,5
92142626_2632.jpg,5
92147051_7071.jpg,5
92160057_0101.jpg,5
92266149_6160.jpg,5
92295382_92295383.jpg,5
92504812_4814.jpg,5
92588282_8301.jpg,5
92590822_0841.jpg,5
92593121_92593139.jpg,5
92661721_1762.jpg,5
92709900_9914.jpg,5
92736414_92736418.jpg,5
92755942_92755947.jpg,5
92756895.jpg,5
92757182.jpg,5
92758228.jpg,5
93253949_3966.jpg,5
93259449_9468.jpg,5
93276529_6537.jpg,5
93289738_9777.jpg,5
93291103_93291141.jpg,5
93291144_1197.jpg,5
93357339.jpg,5
93362269_93362283.jpg,5
93362946_2963.jpg,5
93410199_93410200.jpg,5
93765191_93765193.jpg,5
93775016.jpg,5
93838202_8226.jpg,5
94011061_94011110.jpg,5
94062637.jpg,5
94243620_3642.jpg,5
94248808_8883.jpg,5
94258074.jpg,5
94259430_9448.jpg,5
94281205_1272.jpg,5
94390093.jpg,5
94402136.jpg,5
94410102_94410103.jpg,5
94513591_94513593.jpg,5
94538451_8453.jpg,5
95485011_5068.jpg,5
95568109_8118.jpg,5
95599412_9413.jpg,5
95723227_3250.jpg,5
95917084_7086.jpg,5
95917276_7333.jpg,5
95979597.jpg,5
96026912_6929.jpg,5
96032880.jpg,5
96048639a_8752.jpg,5
96294508_4511.jpg,5
96311648_1660.jpg,5
96583218_3244.jpg,5
96600283_0311.jpg,5
96988052.jpg,5
96993767_3768.jpg,5
97015966_5987.jpg,5
97029269_9278.jpg,5
98005493_5494.jpg,5
98009126_9145.jpg,5
98199617_9632.jpg,5
98227171_7201.jpg,5
98280640_0644.jpg,5
98406662_6675.jpg,5
98502196_2200.jpg,5
98611793.jpg,5
98614010_4023.jpg,5
98625015.jpg,5
98631432_1442.jpg,5
98668383_8384.jpg,5
98679944.jpg,5
98681104_1105.jpg,5
98760379.jpg,5
98771026_1069.jpg,5
98872844_2868.jpg,5
98874779.jpg,5
99111414.jpg,5
99111925_1929.jpg,5
99116381_6383.jpg,5
99116410_6412.jpg,5
99153100_3103.jpg,5
99169062_9066.jpg,5
99171310_1312.jpg,5
99180483.jpg,5
99214868_4881.jpg,5
99250751_0752.jpg,5
99254476_4478.jpg,5
99293962_3965.jpg,5
99382453.jpg,5
99391077.jpg,5
99391093.jpg,5
99396317.jpg,5
99396957_6965.jpg,5
99522018_2040.jpg,5
